date;hashtag;tweet;username;intent;emotion
26/05/2020 18:25;['#indonesiaabnormal', '#indonesiaterserah'];luar binasa tanggung jawabnya sang pemimpin siapa indonesiaabnormal indonesiaterserah ;arya teja;negative;anger
26/05/2020 18:21;['#covid_19', '#coronaviruspandemic', '#indonesiaterserah'];heh tolonglah jangan pada egois sumpah gua tuh bosen dirumah terus jangan bikin gua makin lama dirumah dah ya elu gua tuh bosen capek rebahan melulu jangan egois dong covid19 coronaviruspandemic indonesiaterserah ;suga girlfriend;negative;anger
26/05/2020 18:14;['#bacotsantuy', '#indonesiaterserah', '#indonesiaabnormal'];mencari dan mencari bacotsantuy indonesiaterserah indonesiaabnormal;sisna;negative;sad
26/05/2020 18:12;['#indonesiaterserah', '#indonesiaabnormal'];ok diy daerah percobaan apakah pemerintah tidak mengetahui kalo ada kimcil dan gondes yang siap meramaikan jalanan indonesiaterserah indonesiaabnormal;akudng;negative;anger
26/05/2020 18:09;['#indonesiaterserah', '#indonesiaabnormal'];duta pengusaha mall duta konglomerat naga9 sakkarepmu indonesiaterserah indonesiaabnormal;terbit di timur;negative;anger
26/05/2020 18:07;['#indonesiaterserah'];wong gendeng kan gak ndue beban opo jare indonesiaterserah;madumongso;negative;anger
26/05/2020 18:06;['#indonesiaterserah'];bagian indonesiaterserah;mileu;negative;sad
26/05/2020 18:05;['#indonesiaabnormal', '#indonesiaterserah'];intinya adalah peran who sebagai lembaga internasional makin dipertanyakan karena keberadaannya sering hampir tidak berguna dan cenderung hanya condong ke salah satu negara yang paling banyak ngasih dana buat operasionalnya wkwkwkw indonesiaabnormal indonesiaterserah;haidir ali darwis;negative;anger
26/05/2020 18:03;['#indonesiaterserah', '#indonesiamelawancovid19'];enjoy aja semangat yg masih betah karantina mandiri di rumah semoga cepat selesai pandemi covid19 di negeri tercinta ini indonesiaterserah indonesiamelawancovid19 ;joel juli;positive;love
26/05/2020 18:02;['#sayamasihpercayajokowi', '#kartuprakerja'];maaf sayamasihpercayajokowi tapi program pemerintah kartuprakerja inilah yg paling gak jelas cc atuser atuser atuser atuser atuser atuser mohon pak atuser nanti 2024 hapus saja klo sdh jadi ri1 ;benzgabriel;negative;anger
26/05/2020 17:59;['#indonesiaterserah'];ga peduli lagi dah dgn keadaan sekitar pnting rebahan di kasur pling nikmat indonesiaterserah;fhrza;negative;anger
26/05/2020 17:58;['#indonesiaabnormal', '#indonesiaterserah'];ada apa dengan indonesiaabnormal dan indonesiaterserah ;rafi anwar setiaji;negative;sad
26/05/2020 17:51;['#dirumahaja', '#indonesiaabnormal', '#indonesiaterserah', '#tolaktkachina', '#cukongdimanjarakyatdiperas', '#dungu'];pemerintah mengajarkan peraturan dibuat untuk dilanggar 1 dilarang mudik transportasi buka 2 napi di asimilasi rakyat bebal dibui 3 dihimbau dirumahaja mall pasar dsb buka indonesiaabnormal indonesiaterserah tolaktkachina cukongdimanjarakyatdiperas dungu;bimakaswarra;negative;anger
26/05/2020 17:48;['#indonesiaterserah', '#indonesiaambyar'];jangan sampai negeri kita kaya gini indonesiaterserah indonesiaambyar ;bimaardiansah01;negative;sad
26/05/2020 17:46;['#indonesiaabnormal', '#disiplinkuncinewnormal', '#candychallenge', '#2020berkata', '#indonesiaterserah'];dilansir dari tweetnya atuser hasil tersebut berbanding lurus dengan komentar para tuips hehe semoga bermanfaat indonesiaabnormal disiplinkuncinewnormal candychallenge 2020berkata indonesiaterserah;ifdal;negative;sad
26/05/2020 17:42;['#newnormal', '#indonesiamelawancovid19', '#indonesiaterserah', '#indonesianewnormal', '#indonesiatanggapcorona'];setuju dengan new normal newnormal indonesiamelawancovid19 indonesiaterserah indonesianewnormal indonesiatanggapcorona;lewaru syafrudin;positive;
26/05/2020 17:39;['#indonesiaabnormal', '#indonesiaterserah'];pasrah adalah jalan ninjaku indonesiaabnormal indonesiaterserah;wachid hermawan;negative;sad
26/05/2020 17:35;['#indonesiaabnormal', '#indonesiaterserah'];ya allah mau julid padahal liat gambar yang indonesiaabnormal tapi sudah janji gak mau julid indonesiaterserah dah;broian;negative;anger
26/05/2020 17:34;['#indonesiaterserah', '#sukasukakalian'];berita dari jiran sebelah punyalah degil puak2 indo ni sampai frontliner pon dah giveup government pon tak berapa membantu maka mereka pon mulakan kempen indonesiaterserah sukasukakalian dasar anjir ;ic;negative;anger
26/05/2020 17:31;['#indonesiaterserah'];kau ckp nak pegi jogja cer tgk indonesiaterserah ni frontliner sana dah giveup tgk rakyat tak dengar cakap 2022 baru selamat agaknya ;h;negative;anger
26/05/2020 17:31;['#psbb', '#pelanggarpsbb', '#indonesiaabnormal', '#indonesiaterserah'];iya emang bajing terbang psbb pelanggarpsbb indonesiaabnormal indonesiaterserah ;boss mu;negative;anger
26/05/2020 17:29;['#indonesiaterserah'];new normal opo ne sih pakde 1 makan anggaran 2 kebebasan ham bergeser 3 simulasi otoriter kalau rakyat percaya ya gk bakal begini jadinya huft indonesiaterserah ;hmt corp;negative;anger
26/05/2020 17:26;['#newnormal', '#covid19indonesia', '#indonesiaterserah', '#indonesiaabnormal'];disaat newnormal diberlakukan maka tenaga medis atuser akan tambah kewalahan sbb covid19indonesia terus mengancam atau pilihan nya indonesiaterserah menjadi indonesiaabnormal ;asshiddiqienizamgmailcom ;negative;sad
26/05/2020 17:25;['#recehkansahur', '#bacotansantuy', '#salahsayaapa', '#indonesiaterserah', '#magerwithdcode', '#orangkayagaktau'];ada panas sambat ada dingin sambat giliran hujan sambat pakaian ga bisa kering giliran panas bilang hawane panas asu og mau nya apa indonesia recehkansahur bacotansantuy salahsayaapa indonesiaterserah magerwithdcode orangkayagaktau;linelita;negative;anger
26/05/2020 17:19;['#indonesiaabnormal', '#indonesiaterserah', '#newnormal2020', '#newnormal', '#newnormallife'];gue menolak jadi korban kebijakan yg gak jelas indonesiaabnormal indonesiaterserah newnormal2020 newnormal newnormallife ;notesnopz;negative;anger
26/05/2020 17:13;['#jokowisilakanmundur', '#indonesiaterserah'];ngapain ada psbb segala pakde jokowisilakanmundur indonesiaterserah;agung;negative;anger
26/05/2020 17:12;['#jokowisilakanmundur', '#indonesiaterserah'];membludak deh nih yg positif jokowisilakanmundur indonesiaterserah;agung;negative;fear
26/05/2020 17:11;['#paklaporpak', '#indonesiaterserah'];paklaporpak sedih banget pasar masih aja rame n banyak yg jalan di lebaran kedua gimana mau cepet berakhir virus ini kalo semua masih cuek indonesiaterserah;ayumarsela;negative;sad
26/05/2020 17:03;['#indonesiaterserah', '#indonesiaambyar', '#indonesiawhatever'];keluar deh pasal2 segambrenglah krmn2 kmn aja ko ga dijagaindicegahlagi main petak umpet di rs itu bisep segede truk mollen ga kliatan indonesiaterserah indonesiaambyar indonesiawhatever ;wirya;negative;anger
26/05/2020 17:02;['#indonesiaterserah'];tulisan tagar indonesiaterserah it bukan masudx kmi menyerah dg keadaan ini tp kmi hny menyampaikan ada pasien akan kmi rawat g ada kmi diem karna omongan kmi pun tidak kalian hiraukan himbauan pemerintah tidak kalian perhatikan;nurrita;negative;sad
26/05/2020 16:55;['#newnormal', '#indonesiaterserah', '#revolusimental'];pakdhe atuser tlg tiru denmark mass test smw warga tanpa kecuali khususnya di daerah spt jabodetabek dgn mobile test unit kerahkan smw kemampuan sblm newnormal biar ga ada indonesiaterserah revolusimental smw warga yg plg rawan spt manula yg ada comorbid diamanin dl;yoseph febri nugraha;positive;
26/05/2020 16:52;['#indonesiaterserah'];udah stupid ketimpa tangga pula ini namanya indonesiaterserah ;zulfikar wicaksana;negative;anger
26/05/2020 16:51;['#indonesiaabnormal', '#indonesiaabnormal', '#indonesiaabnormal', '#indonesiaterserah', '#indonesiaabnormal', '#indonesiaabnormal', '#indonesiaabnormal'];gak kebayang perjuangan para pahlawan garda terdepan kecewa pasti semoga mereka gak nyerah dan gak ngecap seluruh pasiennya newnormal indonesiaabnormal indonesiaabnormal indonesiaabnormal indonesiaterserah indonesiaabnormal indonesiaabnormal indonesiaabnormal;salfinanandabulan;positive;sad
26/05/2020 16:48;['#indonesiaabnormal', '#indonesiaterserah'];sekelas prof aja ngomong nya gini indonesiaabnormal indonesiaterserah;bossanmen;negative;anger
26/05/2020 16:46;['#indonesiaabnormal', '#indonesiaterserah'];ya lalu bapak vlis di negri yang grafikny turun aja mereka belum new normal ini malah sok banget hmz indonesiaabnormal indonesiaterserah ;giyul ;negative;anger
26/05/2020 16:44;['#usutkartuprakerja', '#kartumenujusehat', '#kartuprakerja'];nih dia kartu menuju sehat lebih hits dari kartu warung sebelah usutkartuprakerja kartumenujusehat kartuprakerja ; ;negative;anger
26/05/2020 16:43;['#indonesiaabnormal', '#indonesiaterserah'];sudah banyak manusia melepas maskernya dan sudah banyak juga manusia melepaskan nyawanya indonesiaabnormal indonesiaterserah;fau fau;negative;sad
26/05/2020 16:42;['#indonesiaabnormal', '#indonesiaambyar', '#indonesiawhatever', '#indonesiaterserah'];woww itu jatim jatim ituah sudahlah indonesiaabnormal indonesiaambyar indonesiawhatever indonesiaterserah ;wirya;negative;sad
26/05/2020 16:27;['#indonesiaabnormal', '#indonesiaterserah'];namanya aja indonesiaabnormal jadi ya indonesiaterserah;gak butuh follower;negative;anger
26/05/2020 16:25;['#indonesiaterserah', '#indonesiaabnormal', '#indonesiaambyar'];bagaimana menerapkan new normal sementara para pemangku kebijakan abnormal lelucon nya berlebihan kasihan banget aku yaa sungguh terlalu berlebihan akal nya indonesiaterserah indonesiaabnormal indonesiaambyar;bungrahap;negative;anger
26/05/2020 16:12;['#stayathome', '#indonesiaterserah'];serba salah dulu sebelum ada corona apa2 di uploadlahhh sekarang giliran silaturahmi diwajibkan lewat media ngeluhh lagi haduuuhhh siapakah ini yg salah stayathome apa indonesiaterserah;musphyta;negative;anger
26/05/2020 16:07;['#newnormalindonesia', '#indonesiaterserah', '#indonesiaabnormal', '#indonesiaambyar', '#jokowiangkatbenderaputih'];irwan fecho new normal bentuk kekalahan rezim melawan corona newnormalindonesia indonesiaterserah indonesiaabnormal indonesiaambyar jokowiangkatbenderaputih ;m fathra;negative;anger
26/05/2020 16:02;['#indonesiamelawancovid19', '#indonesiaterserah'];lebaran nungguin nya lama bangettt pas tiba waktunya eh yaudah cuman gitu aja hambar banget yatuhannn kek yaudah sehari doang itupun cuma kaya weekend aja rasanya lekas membaik bumi ku kurindu suasana hari rayaku yang dulu indonesiamelawancovid19 indonesiaterserah ;;negative;sad
26/05/2020 16:01;['#indonesiaterserah', '#lebaran'];hanya karena menurutmu kata katamu benar tidak berarti kamu harus memaksakan orang lain mengikuti kata katamu itu indonesiaterserah lebaran;fahrul rozi;negative;anger
26/05/2020 16:00;['#indonesiaterserah'];cewe yg biasa diajak makan bilangnya terserah indonesiaterserah;wednesday;negative;anger
26/05/2020 15:58;['#indonesiaabnormal', '#newnormal', '#indonesiaterserah'];ini tentang nyawa bukan angka indonesiaabnormal newnormal indonesiaterserah ;andi anggana pro new normal;negative;fear
26/05/2020 15:57;['#psbb', '#newnormalindonesia', '#indonesiaterserah'];diminta psbb gak mau disuruh siap2 menuju newnormalindonesia katanya gak siap kok nawar terus yaaah maunya apa siih indonesiaterserah ;ndor;negative;anger
26/05/2020 15:57;['#indonesiaterserah'];terserah kamu aja mpud indonesiaterserah;dabo ribo;negative;anger
26/05/2020 15:54;['#indonesiaterserah', '#indonesiaabnormal', '#jokowikingofprank'];new normal abnormal pleciden kok buka mall nggak ada protocol covid 19 pula indonesiaterserah indonesiaabnormal jokowikingofprank;hery aja;negative;anger
26/05/2020 15:53;['#indonesiaterserah'];dengar2 frontliners indonesia dah give up sebab orang2 dia degil sampai trending indonesiaterserah so kita rakyat malaysia patut bersyukur sebab frontliners kita masih gigih dan tolong dengar nasihat untuk putuskan rangkaian covid19; ;negative;sad
26/05/2020 15:50;['#indonesiaterserah', '#indonesiaabnormal'];daripada new normal kenapa nggak new pleciden aja sekalian indonesiaterserah indonesiaabnormal;hery aja;negative;anger
26/05/2020 15:49;['#bansos', '#masker', '#covid_19'];eh ini gmn makenya bansos masker covid19 ;;negative;
26/05/2020 15:48;['#indonesiaterserah'];wow atuser sebaiknya hormati pemda atuser n atuser kurva msh tinggi kok bicara hidup new normal indonesiaterserah sebaran 415 kasus baru covid19 di indonesia ;golputers;negative;sad
26/05/2020 15:45;['#indonesiaterserah'];melihat prilaku masyarakat kita sebaiknya jawa butuh memperpanjang psbb 1x or 2x lge utk melihat kurva turun menuju nol jadi atuser n atuser n atuser belum bisa hidup dlm new normal di awal juni jk maksa ya indonesiaterserah ;golputers;negative;sad
26/05/2020 15:45;['#indonesiaterserah'];apakah sholat berjamaah dirumah tidak bisa indonesiaterserah;pengendalikadal;negative;sad
26/05/2020 15:43;['#indonesiaterserah'];ini manusia sudah menerapkan berdamai dg covid19 ya bukannya berdamai itu kesepakatan antara 2 belah pihak yg terlibat indonesiaterserah;marli;negative;anger
26/05/2020 15:42;['#indonesiaterserah'];indonesiaterserah ni maksudnya dah kalah dengan covid19;adel kamal;negative;sad
26/05/2020 15:40;['#indonesiaterserah'];kenapa harus mall indonesiaterserah ;golputers;negative;anger
26/05/2020 15:38;['#indonesiaterserah'];suka mukidi indonesiaterserah ;bld;negative;anger
26/05/2020 15:34;['#indonesiaterserah'];di balik kekesalan indonesiaterserah ada ikhtiar luar biasa bahkan sampai mengorbankan nyawa ;ibtimesid;negative;sad
26/05/2020 15:31;['#indonesiaabnormal', '#indonesiaterserah'];kalo kata mama w tempat ibadah ditutup mall dibuka makin aneh manusia indonesiaabnormal indonesiaterserah;hiyahiya;negative;anger
26/05/2020 15:30;['#indonesiaterserah'];kami ya indonesiaterserah ;golputers;negative;anger
26/05/2020 15:29;['#indonesiaterserah'];saya tim indonesiaterserah;riandypp;negative;anger
26/05/2020 15:27;['#covid__19', '#coronavirus', '#indonesiaterserah'];cape cape gw karantina dua bulan lebih liat berita orang orang pada belanja ke mall sama pasar hadeh covid19 coronavirus indonesiaterserah;satria nuralif;negative;anger
26/05/2020 15:27;['#indonesiaabnormal', '#indonesiaterserah', '#newnormalindonesia', '#newnormal'];prekkk indonesiaabnormal indonesiaterserah newnormalindonesia newnormal;wakijo;negative;anger
26/05/2020 15:25;['#indonesiaterserah'];sanksi yang dijatuhkan atuser untuk batik air n ap ii itu namanya sanksi psbb peraturan seperti basa basi indonesiaterserah ;golputers;negative;anger
26/05/2020 15:24;['#indonesiaabnormal', '#newnormal', '#indonesiaterserah'];sedang memantau kerja pemerintah dan rakyat dalam memutus mata rantai covid19 indonesiaabnormal newnormal indonesiaterserah ;shasaadisini;negative;anger
26/05/2020 15:19;['#indonesiaterserah', '#indonesiaabnormal'];ahaa kamu ketauan yg dorong kamu buka mall ahaa ahaa indonesiaterserah indonesiaabnormal ;huemai;negative;anger
26/05/2020 15:18;['#indonesiaterserah'];tuh udah disuruh terserah mau ngapain aja ayo ke mall ayo konserbuahaha koplak pada indonesiaterserah;titodwib;negative;anger
26/05/2020 15:16;['#indonesiaterserah'];scary tengok tweets pasal covid19 in indonesia indonesiaterserah alhamdulillah sekarang takde lagi kluster aidilfitri tapi yang aku tgok dok raya sana sini tu hmmmmmmm kalau takat rumah sedara dekat2 tu takpelah ni ada yang up status pergi rumah orang jauh2 ;;negative;anger
26/05/2020 15:16;['#dirumahsaja', '#indonesiaterserah'];indonesia ganti bukan dirumahsaja tapi uda jadi indonesiaterserah;desky melpa sakura;negative;anger
26/05/2020 15:16;['#indonesiaterserah'];petugas barisan hadapan indonesia luah rasa kecewa melalui indonesiaterserah ;amazing nara;negative;sad
26/05/2020 15:13;['#indonesiaterserah'];kurangi kurva baru ngobrolin new normal kurva makin hari makin naik situ malah ngonsepin new normal indonesiaterserah;pensiunan rockers ;negative;sad
26/05/2020 15:11;['#indonesiaterserah', '#indonesiaabnormal'];apakah ini cara menggunakan masker yg baik dan benar serius tanya indonesiaterserah indonesiaabnormal ;widhiyantoro;positive;sad
26/05/2020 15:11;['#indonesiaterserah'];punya dah fadeup dengan perangai netizen sampai hashtag indonesiaterserah means lantak ah nak jadi apa pon ;fiezchan;negative;anger
26/05/2020 15:09;['#indonesiaterserah', '#thenewnormal', '#awasprovokasisaatpandemi'];di fase 4 6 juli kegiatan ibadah dilakukan dengan jamaah terbatas kira mall dibatasi juga gak jamaahnya yang ada infonya tolong kasih tau ya indonesiaterserah thenewnormal awasprovokasisaatpandemi ;lexxsugar;negative;anger
26/05/2020 15:04;['#indonesiaabnormal', '#indonesiaterserah'];indonesiaabnormal indonesiaterserah udah tau aturan yang diberlakukan ga jelas tapi rakyatnya pada ga ada inisiatif sendiri buat jaga jarak dan tetap dirumah dan menggunakan masker ketika keluar rumah;angelina jane;negative;anger
26/05/2020 15:00;['#indonesiaterserah'];mmang btul kta tdak phm lgiindonesiaterserah;cindy sambat anjay;negative;sad
26/05/2020 14:51;['#indonesiamelawancovid19', '#indonesiaterserah', '#indonesianewnormal'];jadi anggap lah begini kita bicara tentang pandemi yang sedang terjadi di negara ini tentang indonesiamelawancovid19 tentang indonesiaterserah dan tentang indonesianewnormal anggap lah ibu dan anakmu terkena virus ini pasti gak akan ada yang mau keluarga nya terkena ;nchha;negative;sad
26/05/2020 14:51;['#coronaindonesia', '#newnormal', '#indonesiaterserah', '#indonesiaabnormal'];new normal ora masalah dulu jg rebahan sekarang rebahan besok new normal tetep rebahan coronaindonesia newnormal indonesiaterserah indonesiaabnormal;pria tak dikenal;negative;sad
26/05/2020 14:49;['#indonesiaabnormal', '#indonesiaterserah'];kenapa bisa jadi indonesiaabnormal apa karena indonesiaterserah;muharib;negative;sad
26/05/2020 14:48;['#indonesiaterserah'];lebih 30 doktor mati kot indonesiaterserah ;qoma;negative;fear
26/05/2020 14:47;['#indonesiaterserah'];korban massal pertama bekasi selanjutnya indonesiaterserah;yayah fazriah;negative;sad
26/05/2020 14:45;['#indonesiaabnormal', '#indonesiaabnormal', '#indonesiaabnormal', '#indonesiaterserah'];indonesiaabnormal bikin malu aja nih bacot smkelakuan ngk singkron kang atuser koq manut aje katanya lbh baik hilang jabatan drpd korbanin rakyat indonesiaabnormal ati2 bekasi depok bogor rs dan tenaga kesehatan seberapa siap indonesiaabnormal indonesiaterserah ;ratu adhel;negative;anger
26/05/2020 14:43;['#indonesiaabnormal', '#indonesiamelawancovid19', '#indonesiaterserah'];rip indonesiaabnormal indonesiamelawancovid19 indonesiaterserah ;klimis santuy;negative;sad
26/05/2020 14:43;['#indonesiaterserah'];yang kayak gini sebeneranya yang buat indo ga cepet sembuh shitlah sakkarepmu warga ga kasian apa sma garda depan yg mempertaruhkan nyawa yg harus terpaksa dirumahkan krna dampak kebodohan dan keegoisan kalian indonesiaterserah ;cintaacoffee;negative;anger
26/05/2020 14:42;['#indonesiaterserah'];yuk kita cuek aja ama himbauan tenaga medis biar kenayuk indonesiaterserah;dhani baho;negative;anger
26/05/2020 14:42;['#teamkhusus', '#teamkeamanan', '#bansos', '#primetalkmetrotv', '#akimalamtvone', '#sapaindonesiamalam'];oke siip nanti mas kerahkan 300 anggota teamkhusus teamkeamanan mengawasi penyaluran bansos jika terbukti meminta donasi kpd masarkat baik lgsug or tdk lgsung team siap menarik kembali dana tsb lagi update berita primetalkmetrotv akimalamtvone sapaindonesiamalam;teamhumas;positive;
26/05/2020 14:40;['#indonesiaabnormal', '#indonesiaterserah', '#gaytest', '#terserahindonesia'];gimana indonesia mau normalkelakuan rakyatnya aja kek gituorang salah itu dinasehatinini malah dibelayg dibela tambah pede karna gengsi disalahinpdhal blg iya gw salahmaaf urusan kan selesai haddeuhh indonesiaabnormal indonesiaterserah gaytest terserahindonesia;searching;negative;anger
26/05/2020 14:39;['#indonesiaterserah', '#hatersterserah'];bukan indonesiaterserah sebenernya tapi hatersterserah;selvi aldriani;negative;anger
26/05/2020 14:35;['#indonesiaterserah'];menurut saya penerapan new normal masih terlalu dini untuk dilakukan sedangkan pengendalian dan pencegahan didaerah tersebut masih belum benar ini sama saja memberi beban kepada para tenaga medis sedangkan mereka telah mengancam kita dengan indonesiaterserah ingat itu semua;gayuh wiji lestiawan;negative;sad
26/05/2020 14:30;['#newnormal', '#indonesiaterserah', '#indonesiaabnormal'];kalo mau newnormal harusnya segala usaha udah dilakuin maksimal dan hasil penyebaran covid angkanya menurun baru bisa diterima lha ini usaha pencegahan aja masih gak jelas grafik masih terus meningkat ini namanya indonesiaterserah indonesiaabnormal;mantrisuntik;negative;anger
26/05/2020 14:18;['#indonesiaterserah', '#terserahkamu'];orang lain lagi pada rame indonesiaterserah kalo akumah terserahkamu alias bodo amat dengan kamu aku dah gapeduli;greentea;negative;anger
26/05/2020 14:17;['#indonesiaterserah', '#indonesiasakkarepmu'];lg2 ekonomi yg jd prioritas kesiapan medis dl dijabarkan katanya hrs seimbang faktanya aspek medis selalu terbelakang malah iuran bpjs dinaikan di saat pemerintah bagi2 sembako uang indonesiaterserah indonesiasakkarepmu;teguh supriyatno;negative;anger
26/05/2020 14:16;['#indonesiaterserah'];yeah new normal itu maksudnya termasuk nyari rumkit yang gak tutup gara2 kekurangan tenaga medis atau over kapasitas pasien indonesiaterserah;cindy;negative;anger
26/05/2020 14:14;['#indonesiaterserah'];konco konco sedulur sekalian kan saiki akeh nakes sing posting indonesiaterserah yo to menurutmu ngono i ben nyapo yo cah opo rumasamu nakes2 kui i grembeneng trus nyerah angkat tangan ngono ye kui yo ben dapuranmu i sadar lek polahmu i rakenek diatur tiamput i;helmi burhanuddin;negative;anger
26/05/2020 14:14;['#indonesiaterserah', '#indonesiaabnormal', '#lyodraginting', '#jokowi', '#indonesia', '#coronavirusindonesia'];tepat new normal juni berarti sesuai dengan ramalan di video ini ada juga disebut kondisi berikutnya setelah juni video april lo silahkan lihat sendiri indonesiaterserah indonesiaabnormal lyodraginting jokowi indonesia coronavirusindonesia;mrsyunishawinata;negative;fear
26/05/2020 14:10;['#indonesiaterserah'];kenapa yg diberitakan besar2an sll pasien covid19 yg dr masjid dari mall bandara terminal dan pasar2 tradisional gak ada beritanya indonesiaterserah ;umar syadat;negative;anger
26/05/2020 14:05;['#indonesiaabnormal', '#indonesiaabnormal', '#indonesiaterserah'];mau pulkam lebaran gak boleh mau kepasar dibatasi mau kongkow ma manteman dilarang mau sholat berjamaah diatur tpi kalau ke mall dibiarkan brarti ada seauatu yg gak bres nihapakah ini pertanda indonesiaabnormal indonesiaabnormal indonesiaterserah;irwan syofian;negative;anger
26/05/2020 13:59;['#indonesiaterserah'];tengah trending indonesiaterserah bersyukur kita di malaysia ni masih patuh pkp ;ashraf shuhaimi;negative;sad
26/05/2020 13:56;['#indonesiaterserah'];indonesiaterserah yg udah belabelain nurut gak pulang dgn harapan bisa cepet kelar napa sih lagi pandemi gini masih aja pro kontra gak satu suara aja gitu yang pusat sama daerah contohlah prosedur yg diterapkan jogja saat lebaran kemarin diimplementasi secara nasional gitu ;eny;negative;anger
26/05/2020 13:50;['#indonesiaterserah'];iya seharusnya edukasi itu dari awal awal sebelum virus itu menyebar dan yg pasti pemerintah hrs konsisten menjalankannyatapi ini korbanya sudah byk bgt indonesiaterserah;tifah fath;negative;sad
26/05/2020 13:49;['#indonesiaterserah'];dan new normal pun akan diterapkan ini berarti indonesia harus siap dgn penambahan angka drastis baik itu positif maupun yang meninggal indonesiaterserah;marina f panjaitan;negative;fear
26/05/2020 13:46;['#indonesiaterserah'];mereka juga butuh istirahat butuh kumpul dengan keluarga mereka sudah bilang ke warga semuanya kalau ikuti himbauan yang diberikan para pahlawan kita tapi banyak yang tidak melakukannya dengan benar jadi satu kata buat indonesia indonesiaterserah;risky tirtasari;negative;sad
26/05/2020 13:46;['#indonesiaterserah'];kali ini aku dan atuser lanjutin bergosip dengan tema baru yaitu tentang mcd sarinah kelakuan beberapa influencer yang belakangan bikin heboh dan indonesiaterserah yuk mampir ke spotify atau via youtube ke ;saiful aziz;negative;anger
26/05/2020 13:45;['#indonesiaterserah', '#viruscorona'];capek sdh memberi arahan baik atuser maupun atuser skrg terbukti n jemaah salat id di masjid al muhajirin perumnas 1 bekasi barat hrs di tes swab nih indonesiaterserah viruscorona ;golputers;negative;anger
26/05/2020 13:41;['#indonesiaterserah'];asli keren pisan karuya kang atuser cape gawe tapi asa percuma nuhun atuser indonesiaterserah;rizaludin yusuf;negative;sad
26/05/2020 13:41;['#indonesiaterserah'];biarin ajah indonesiaterserah;haris;negative;anger
26/05/2020 13:40;['#indonesiaterserah'];semangat beb kamu adalah pahlawan indonesiaterserah ;muhammad aka mamad;positive;love
26/05/2020 13:33;['#fizi', '#newnormal', '#viruscorona', '#indonesiaterserah'];semoga jika corona sudah mereda efeknya gak mematikan lagi misal cuma muncul jerawat satu doang fizi newnormal viruscorona indonesiaterserah;khairul umam;negative;fear
26/05/2020 13:33;['#indonesiaterserah'];mungkin ini lbh menyentuh jangan menyerah ketika indonesiaterserah ;inoname;positive;love
26/05/2020 13:31;['#indonesiaterserah'];new normal 007 diskusi receh indonesiaterserah the new normal herd immunity episode vineas podcast ;a m i g o;negative;
26/05/2020 13:30;['#indonesiaterserah', '#kilasbalik', '#throwback', '#flashback', '#perjalanan', '#roadmap', '#tetapsehat', '#tetapdirumah'];saatsaat indonesiaterserah kita tak boleh terbawa arah coba untuk mengingat kembali kejadian apa saja yang telah membawa kita sampai ke sini jadi jika ini adalah kilasbalik kami bagaimana dengan anda throwback flashback perjalanan roadmap tetapsehat tetapdirumah ;gomodo  sistem booking gratis;positive;love
26/05/2020 13:29;['#indonesiaterserah'];mudik itu pulang kampung jika pulang kampung selama lebaran disebutnya mudik lebaran mungkin memang telah terjadi pergeseran makna entah perluasan penyempitan ameliorasi peyorasi asosiasi oleh penguasa dan medianya indonesiaterserah;fanani;negative;sad
26/05/2020 13:24;['#viruscorona', '#coronavirus', '#indonesiaterserah'];hasil survey ini sesuai dgn pikiran kami memang pemerintahan atuser amburadul dlm nangani pandemi viruscorona survei 538 persen warga tak puas kerja atuser hadapi coronavirus indonesiaterserah ;golputers;negative;anger
26/05/2020 13:20;['#indonesiaterserah'];seharusnya dlm the new normal kabinet atuser n atuser n atuser bikin perioritas yakni masjid pelayanan masyarakat industri perdagangan umkm n perkantoran jgn mall yg jd ukuran makin terpuruk ngurusi receh indonesiaterserah ;golputers;negative;anger
26/05/2020 13:18;['#covid?Ÿ¬19', '#indonesiaterserah'];pak atuser lbh baik jika tdk perlu tdk usa gomonglah krn maksudnya bisa bias kemana manalbh baik focus mengatasi pandemi covid19 krn masalah nyawa tdk bisa diukur pake apapun bagaimana jk menimpa keluarga bapak indonesiaterserah ;golputers;negative;anger
26/05/2020 13:15;['#matikarepmu', '#uripkarepmu', '#matisudahadayangngatur', '#indonesiaterserah'];persiapan hidup new normal ya guys jadi persiapkan imun tubuhmu kalau kata orang orang disosmed matikarepmu uripkarepmu matisudahadayangngatur indonesiaterserah;sexyroad;negative;fear
26/05/2020 13:13;['#indonesiaterserah', '#indonesiagameover'];warga lokal di suruh stay at home wisatawan dibiarkan berdatangan ngga bisa mikir emang kami rela2 ngga mudik ini malah seenaknya wisatawan berdatangan dan oknum2 tempat wisata yg hanya memikirkan perutnya indonesiaterserah indonesiagameover atuser ;jalan buntu;negative;anger
26/05/2020 13:13;['#indonesiaterserah'];sakarepmu indonesiaterserah ;era new sahin;negative;anger
26/05/2020 13:12;['#indonesiamelawancovid19', '#awasprovokasisaatpandemi', '#indonesiaterserah'];akan sampai pd akhirnya yg nyata kekebalan tubuh yg akan menjadi penentu pembuktian kekebalan tubuh bukan kebal dibacokdisentuh senjata tajam melainkan virus tersebut akan menjadi penentu kekebalan indonesiamelawancovid19 awasprovokasisaatpandemi indonesiaterserah;akbar aziz pratama;negative;fear
26/05/2020 13:11;['#indonesiaterserah'];namun prof mahfud tdk menjelaskan apakah kecelakaan tsb bisa menular kpd yg lain kpd keluarga atau dokter perawat misalnya ah ya sudahlah indonesiaterserah;hagia shopia turkey;negative;sad
26/05/2020 13:10;['#indonesiaterserah', '#indonesiamelawancovid19', '#awasprovokasisaatpandemi', '#pemerintah'];pemerintah tidak tegas dalam penanganan covid19 tim medis mulai capak dengan mengutarakan indonesiaterserah masyarakat pd banyak yg ngeyel susah diatur perekonomian mulai bermasalah kriminalitas mulai marak indonesiamelawancovid19 awasprovokasisaatpandemi pemerintah;akbar aziz pratama;negative;sad
26/05/2020 13:06;['#indonesiaterserah', '#kamitidakmenyerah'];indonesiaterserah tapi kamitidakmenyerah harus gitu kan ya yg pekok arep dipek dewe yo ben;widi kurniani;positive;love
26/05/2020 13:04;['#indonesiamelawancovid19', '#indonesiaterserah'];sekarang pun para manusia berlomba untuk terlihat paling hebat dalam hal mengkritik apa yang dilakukan menjadi keputusan pemerintah psbb daripada mendengarkan dan menaatinya indonesiamelawancovid19 indonesiaterserah;meganekun;negative;anger
26/05/2020 13:01;['#indonesiaterserah', '#awasprovokasisaatpandemi', '#newnormalindonesia', '#miker'];boleh kritis dlm berbagai hal tpi jng provokatif disetiap hal indonesiaterserah awasprovokasisaatpandemi newnormalindonesia miker;ramadhani26;negative;anger
26/05/2020 12:52;['#indonesiaterserah'];masjid ditutup sholat ied d rumah mall dibuka indonesiaterserah ;nurmaaja;negative;anger
26/05/2020 12:52;['#beritaterkini', '#beritanasional', '#dirumahsaja', '#covid', '#rakyatwaraspercayajokowi', '#thrjenius', '#ramadhandirumah', '#ferdianpaleka', '#judionline', '#togel', '#indonesiaterserah', '#vcs', '#ngewe'];kurva corona tinggi kpu didesak tunda pilkada hingga 2021 baca selengkapnya beritaterkini beritanasional dirumahsaja covid rakyatwaraspercayajokowi thrjenius ramadhandirumah ferdianpaleka judionline togel indonesiaterserah vcs ngewe ;jean;negative;fear
26/05/2020 12:51;['#indonesiaterserah'];untuk anda para tenaga medispolisidan tentara yg berjuang di garda terdepan pulang lah keluarga anda sedang menanti anda di rumahpercuma anda semua bersusah payah menyelamatkan merekaperjuangan anda tidak akan di hargai indonesiaterserah ;kang nyimak;negative;sad
26/05/2020 12:45;['#indonesiaterserah'];aing gamau modar dulu sok mangga duluan indonesiaterserah kwowkwokwow;hilman wirayudha;negative;anger
26/05/2020 12:36;['#indonesiaterserah', '#coronaupdate', '#bangkit'];awal kasus corona di indonesia batuk dikit demam dikit langsung waswas sekarang udah 10rb lebih kasus kok pada kaya biasa aja ya indonesiaterserah coronaupdate bangkit;pulu puluu;negative;sad
26/05/2020 12:34;['#bansos'];bantuan sosial tunai bst sudah dicairkan ke lebih dari 78 juta keluarga penerima manfaat kpm dari target 9 juta kpm bansos via atuser ;detikcom;positive;love
26/05/2020 12:28;['#indonesiaterserah'];bukan berdamai dg new normal tp menuju indonesiaterserah;dy;negative;anger
26/05/2020 12:27;['#bosandirumahaja', '#indonesiaterserah'];lebih baik mati melawan ketimbang diam tak berguna bosandirumahaja indonesiaterserah indonesia tercinta ;r 91c;negative;anger
26/05/2020 12:25;['#indonesiaterserah'];yuup negara maju sih sudah pasti tau apa yg harus dilakukan lhaa kitaa ada yg indonesiaterserah ada yg pake sistem normal baru trus yg parah lagi ada yg smp nyebut kalo ini semua konspisiasi ;wiwid;negative;anger
26/05/2020 12:20;['#bansos'];bantuan sosial tunai bst tahap kedua segera cair bst tahap dua tersebut sudah di kantor pt pos indonesia persero bansos via atuser ;detikcom;positive;joy
26/05/2020 12:20;['#indonesiaterserah'];semangat perawat pejuang kopid indonesiaterserah ;pikiranjorok;positive;love
26/05/2020 12:20;['#indonesiaterserah', '#awaninews', '#hapuscovid19'];indonesiaterserah luahan kecewa akibat terlalu ramai tidak patuh penjarakan sosial awaninews hapuscovid19 ;astro awani;negative;anger
26/05/2020 12:14;['#miris', '#indonesiaterserah'];sekarang siapa yang paling kuat itu lah yang bertahan miris indonesiaterserah;ece;negative;sad
26/05/2020 12:12;['#indonesiaterserah'];wis sak karep karepmu indonesiaterserah;baharudin syarif arzaqy;negative;anger
26/05/2020 12:08;['#indonesiaterserah'];new normal kegagalan pemerintah menangani pandemi serta regulasi yg banyak gak jelasnya indonesiaterserah;take this bottle;negative;anger
26/05/2020 12:06;['#bansos', '#pemerintah', '#kapitalisme'];bansos tak ubahnya menjadi panggung politik bagi penguasa harusnya saling bersinergi kolaboratif dan kerjasama namun malah menunjukkan hubungan yg tdk harmonis antara pemerintah pusat dgn daerah ini adlh hal alami yg terjadi dlm sistem kapitalisme ;suara muslimah jabar;negative;anger
26/05/2020 12:04;['#staysafe', '#covid', '#indonesiamelawancovid19', '#indonesiaterserah'];bukan bilang tidak mau kumpul sama keluarga besar temanteman bukan blng gua ngak mau pergi liburan kaya lu lu semua tapi gua masih menghargai tim medis yang lagi berjuang di garda terdepan menghadapi covid19 staysafe covid indonesiamelawancovid19 indonesiaterserah;bukan anak indie;negative;anger
26/05/2020 11:59;['#indonesiaterserah', '#indonesiaterserah'];atuser mah bebas suka suka jokowi lah indonesiaterserah indonesiaterserah;big chaniago;negative;anger
26/05/2020 11:56;['#indonesiaterserah', '#indonesiaterserah'];kalau hbs bikin kerumunan buat tausyiah agama langsung ditangkap dan dijeblosin ke nusa kambangan atuser mah bebas indonesiaterserah indonesiaterserah ;big chaniago;negative;anger
26/05/2020 11:42;['#indonesiaterserah'];indonesiaterserah bukan berarti tenaga medis menyerah greget bgt liat video yg ngata2in tenaga medis;wanitajawa;negative;anger
26/05/2020 11:37;['#indonesiaterserah'];indonesiaterserah sdh terlalu banyak drama politik di negara ku tercinta ini;rico;negative;anger
26/05/2020 11:22;['#dirumahaja', '#psbb', '#indonesiaterserah'];bilang nya dirumahaja dan psbb tpi ko banyak mobil ber plat nomor b ke puncak hadeh hadeh indonesiaterserah;fikri hermawan;negative;anger
26/05/2020 11:17;['#indonesiaterserah'];kalo yg ga mau ke rs kan kasian yg sehat percuma karantina berbulan2 smp g sekolah yg penting selalu taati himbauan pemerintah dan perbanyak ibadah jangan sampe indonesiaterserah semakin merajalela;rof;negative;sad
26/05/2020 11:09;['#indonesiaterserah'];indonesiaterserah ini sebenernya ditujukan pada kebijakan penguasajgn salahkan rakyatknp rakyat msh ada yg ndableg krn dari awal penguasanya blg corona gak bkl masuk nasi kucing dan jamu bikin kuattrus mari tik tok an sajabegitu keluar kebijakantau sendirilah;nsenow;negative;anger
26/05/2020 11:09;['#indonesiaterserah', '#positivevibes'];yaudahlah lets plat the game indonesiaterserah positivevibes;ahsanitqwiemp;negative;anger
26/05/2020 11:06;['#indonesiaterserah'];wapres ulama ga ditaati indonesiaterserah;orang biasa;negative;sad
26/05/2020 10:51;['#indonesiaterserah'];indonesiaterserah calon pemerintah nya aja seenak nya melecehkan psbb ;donni kusumonegoro;negative;anger
26/05/2020 10:46;['#indonesiaterserah'];saat ini kita sdg berada dalam fase indonesiaterserah;indomie selerakuuuu;negative;sad
26/05/2020 10:44;['#indonesiaterserah', '#newnormalindonesia', '#covid19indonesia'];apalagi kalau nanti new normal indonesiaterserah newnormalindonesia covid19indonesia ;bluesc0de;negative;fear
26/05/2020 10:43;['#indonesiaterserah'];katanya tgl 8juni dah jalan sistem pemerintah indonesiaterserah ;creamypeople;positive;
26/05/2020 10:42;['#indonesiaterserah'];lagi ngerasa sakit hati banget sama warga merah putih yang masih ngeyel dan menyepelekan covid19 indonesiaterserah;doblehaja;negative;anger
26/05/2020 10:41;['#wellplayed', '#indonesiaterserah'];ketika diajak keluar dari zona nyaman dianggap mencelakakan wellplayed indonesiaterserah;refo ezra arnoldus;negative;anger
26/05/2020 10:36;['#indonesiaterserah'];indonesiaterserah tidak percaya dengan jokowi;spark san;negative;anger
26/05/2020 10:35;['#indonesiaterserah'];biarkan pendemi menuntaskan tugasnya indonesiaterserah tulisan menarik ini ;   ;negative;sad
26/05/2020 10:29;['#indonesiaterserah'];indonesiaterserah lelah jenuh atau menyerahkah kita pandemi covid19 di indonesia akan memasuki bulan keempat sejak awal maret 2020 lalu namun hingga saat ini belum ada sumber informasi yang bisa memberikan ;humasuwm;negative;sad
26/05/2020 10:29;['#indonesiaterserah'];itu sbnerny sindiran ke peraturan plin plan dokpsbb sj bnyk yg ngelanggar ko sampe ada tag indonesiaterserah asliny memang herd immunity sdg normal cm tagline biar keliatan kerja ajabutuh yg tegas ga plinplanrkyt psti nurut ko;rangga pattya;negative;anger
26/05/2020 10:27;['#indonesiaterserah'];bantu share agar pemuda pemuda idonesia yg jomblo dapat termotivasi buat nadzar kalo corona hilang misalnya kalian bakalan nikah kali aja dapat berdampak positif bagi indonesia indonesiaterserah;d i k;positive;
26/05/2020 10:19;['#indonesiaterserah', '#covid19indonesia', '#covid_19'];old normal new normal kgk normal indonesiaterserah covid19indonesia covid19;mas rushan ichwandi;negative;anger
26/05/2020 10:17;['#covid19indonesia', '#covid_19', '#dirumahajaya', '#indonesiaterserah'];bukan tidak bisa disiplin tapi tidak jelasnya institusi membuat warga negara bingung dalam menjalankan aturan covid19indonesia covid19 dirumahajaya indonesiaterserah ;denmas bagoes radityo pakuningratan;negative;anger
26/05/2020 10:13;['#indonesiaterserah'];ya indonesia terserah lu aja lahh ini kebangetan pinter ato gimana gua ga paham kalian menerapkan sebuah konsep itu mengundang para ahli ato ga sihh sebenernya indonesiaterserah;agustinus katon;negative;anger
26/05/2020 10:02;['#covid__19', '#indonesiaterserah', '#newnormalindonesia'];jokowi siang ini sedang mempersiapkan klarifikasi kejadian hari ini untuk esok hari ini kah new normal tidak ini pembunuhan masal agar terlihat normal covid19 indonesiaterserah newnormalindonesia ;netizen 62;negative;anger
26/05/2020 10:01;['#indonesiaterserah'];dulu ngeluh ngeluh ke aing eh sekarang pamer pamer depan aing dasarr salah satu warga indonesiaterserah ;rindu;negative;anger
26/05/2020 09:59;['#kartuprakerja'];sebanyak 17 juta orang korban phk yang masuk data kemenaker selama pandemi covid19 menanti pembukaan pra kerja berikutnya kartuprakerja ;detikfinance;negative;sad
26/05/2020 09:56;['#indonesiaterserah'];nggak salah membuka kembali mol oleh presiden di saat indonesiaterserah kacau dah;moesthea;negative;anger
26/05/2020 09:54;['#indonesiaterserah', '#idulfitri', '#newnormalindonesia'];ipdn oh ipdn pleeekitorang disini suruh diem di rumah aja ada yg kena phk ada yg dirumahkan tp siturang malah kumpulkumpul pesta pake jogetjoget segala macam mana pula ini indonesiaterserah idulfitri newnormalindonesia ;sekaleng;negative;anger
26/05/2020 09:49;['#kartuprakerja'];sebanyak 17 juta orang korban phk yang masuk data kemenaker selama pandemi covid19 menanti pembukaan pra kerja berikutnya kartuprakerja via atuser ;detikcom;negative;sad
26/05/2020 09:41;['#indonesiaterserah'];malaysia yang angka positifnya jauh lebih sedikit dari indonesia aja belum berani nerapin new normal lah indonesia malah kayak gini indonesiaterserah;marvelous;negative;anger
26/05/2020 09:40;['#jokowi', '#newnormal', '#ekonomi', '#indonesiaterserah'];new normal jurus pamungkas jokowi selamatkan ekonomi jokowi newnormal ekonomi indonesiaterserah ;melya kirana;negative;sad
26/05/2020 09:07;['#bersiapmenujunewnormal', '#indonesiaterserah', '#dirumahaja', '#covid?Ÿ¬19', '#selasasambat', '#rabuambyar'];semoga jalan ini yg terbaik untuk bersiapmenujunewnormal untuk indonesiaterserah kembali pulih dengan dirumahaja membantu memotong rantai penyebaran covid19 amin selasasambat rabuambyar ;kurnia ardiansyah;positive;love
26/05/2020 09:04;['#indonesiaterserah'];jika tingkat penularan virus ini msh tinggi dan belum ada vaksinnya lalu dipaksa utk menerapkan new normal kira2 apa yg akan terjadi indonesiaterserah;agi subagio;negative;fear
26/05/2020 09:03;['#indonesiaterserah'];kacau udah bener org2 pd diem dirumah tapi malah mall dibuka indonesiaterserah ;haikal bajabir;negative;anger
26/05/2020 08:58;['#indonesiaterserah'];seharusnya dlm the new normal kabinet atuser n atuser bikin perioritas yakni masjid pelayanan masyarakat industri perdagangan umkm n perkantoran jgn mall yg jd ukuran makin terpuruk ekonomi bangsa indonesiaterserah ;golputers;negative;sad
26/05/2020 08:57;['#lawancovid19', '#indonesiaterserah'];indahnya toleransi seorang bidan beragama islam posituf covid 19 di rujuk ke rumah sakit di ambon di tengah jalan di doakan dan di semagati untuk sembuh oleh warga beragama kristen lawancovid19 indonesiaterserah ;adityas prayoga;positive;love
26/05/2020 08:50;['#indonesiaterserah'];jepang berhasil tekan corona tanpa kebijakan ketat beda donk dgn indonesia indonesiaterserah ;golputers;negative;anger
26/05/2020 08:48;['#indonesiaterserah'];keknya gw gagal paham maksud dan tujuannya apa urusan mudikpulkamp aja ribet malah jadi ladang bisnisdan masih banyak yang lolos and ngakalin new normal new bingung new problemo indonesiaterserah;andre  julius;negative;anger
26/05/2020 08:47;['#indonesiaterserah'];pak atuser n atuser n kapolri atuser n atuser sesuai uu pengendara yg mengakibatkan hilangnya yawa org dipidana n diadili di peradilan umum walau dia kapolsek di polres rembang jk tdk indonesiaterserah ;golputers;negative;sad
26/05/2020 08:40;['#indonesiaterserah'];seharusnya dlm the new normal kabinet atuser n atuser n atuser bikin perioritas yakni masjid pelayanan masyarakat industri perdagangan umkm n perkantoran jgn mall yg jd ukuran makin terpuruk ekonomi bangsa indonesiaterserah ;golputers;negative;anger
26/05/2020 08:39;['#indonesiaterserah'];berkawan dengan ceu corona and keluarga indonesiaterserah;sidqiiiii;negative;anger
26/05/2020 08:32;['#indonesiaterserah'];ga ngerti lagi sama indonesia psbb aja belum berhasil ini malah mau buka pusat keramaaaian kalo kata orang jawa jarkoni indonesiaterserah ;mamas;negative;anger
26/05/2020 08:09;['#indonesiaterserah'];wahteruk betul indonesia ni sampai frontliner pon buat indonesiaterserah degil betul rakyat indonesia ni; ;negative;anger
26/05/2020 08:06;['#indonesiaterserah', '#covid_19', '#covid19indonesia'];nyuruh warganya dirumah tp mall diksh izin utk ttp buka indonesiaterserah covid19 covid19indonesia ;call me;negative;anger
26/05/2020 08:01;['#indonesiaterserah'];udah ada indonesiaterserah aja tetap tidak ada pertimbangan kok jadi yah diatur aja baiknya bagaimana yang penting jangan ada lagi tenaga kesehatan yang terkorban dan tidak pulang2 ke rumah;irene;negative;anger
26/05/2020 08:01;['#bansos', '#bantuancovid19', '#dampakcorona', '#presidenjokowi'];presiden minta yang belum dapat bantuan covid 19 segera lapor bansos bantuancovid19 dampakcorona presidenjokowi lewat atuser;haidah;positive;
26/05/2020 07:53;['#indonesiaterserah'];aturannya kalo kata paramedis indonesiaterserah;god zij met ons;negative;anger
26/05/2020 07:46;['#indonesiaterserah', '#covidiot']; kemarin yg semangat buka akses dan yakin ada zona hijau indonesiaterserah covidiot;omgcorona;positive;
26/05/2020 07:45;['#indonesiaterserah'];gaada amann lacarr udh capek mungkin aparatnya sama masyarakat indonesiaterserah;rizqal ibna ramadhan;negative;anger
26/05/2020 07:44;['#jokowisilakanmundur', '#indonesiaterserah'];kebijakan pemerintah yg kacau dan aturan yg serba ngga jelas jokowisilakanmundur indonesiaterserah;agung;negative;anger
26/05/2020 07:43;['#indonesiaterserah'];media setiap hari setiap detik mindset indonesiaterserah ;akbarkaromput;negative;anger
26/05/2020 07:42;['#covid19', '#coronavirus', '#covid19indonesia', '#indonesiaterserah'];harus sedih apa bahagia ya covid19 coronavirus covid19indonesia indonesiaterserah ;ardan;negative;sad
26/05/2020 07:41;['#jokowisilakanmundur', '#indonesiaterserah'];kurva positif msh tinggi koq malah mau ikut2an new normal pak jokowisilakanmundur indonesiaterserah;agung;negative;anger
26/05/2020 07:40;['#teamhumas', '#bansos', '#kabarsiangtvone', '#kompassiang', '#metrosiang'];selamat siang mbak drr sama2 mas novan drr teamhumas mengucapkan minal aidin walfaidzin mhon maaf lahir batin atas sgala khilaf kata perbuatan thanks atas info bansos utk 12 stsiun tv lagi update berita korona kabarsiangtvone kompassiang metrosiang ;teamhumas;positive;love
26/05/2020 07:39;['#jokowisilakanmundur', '#indonesiaterserah'];bener bangedh cuma latah ikut2an tanpa liat dan pertimbangkan sikon di dlm negri jokowisilakanmundur indonesiaterserah;agung;negative;anger
26/05/2020 07:38;['#jokowisilakanmundur', '#indonesiaterserah'];hahaha sy trmsk salah satunya tp ngga ikut disurvey klo ikut pst lbh tinggi lg tase tdk puasnya jokowisilakanmundur indonesiaterserah;agung;negative;anger
26/05/2020 07:38;['#indonesiaterserah'];indonesiaterserah sak karep2eeeee pada hari ini selasa 2652020 presiden joko widodo jokowi akan memimpin pembukaan malmal di kota bekasi;lelaki bulan juli;negative;anger
26/05/2020 07:35;['#indonesiaterserah'];di bekasi katanya mall udah dibuka trrus apa maksud dari psbb gimana sih indonesiaterserah;sri novianti irwan;negative;anger
26/05/2020 07:32;['#indonesiaterserah'];pemerintah sudah berupaya tp masyarakat nya yg njeketek indonesiaterserah;bpd;negative;anger
26/05/2020 07:31;['#newnormal', '#covid19', '#covid19indonesia', '#coronavirus', '#sarscov2', '#chinavirus', '#„??†?«Š?§‡??', '#„??†?«‡??‘??', '#indonesiaterserah'];kurva masih meroket namun sudah mempromosikan newnormal benarbenar abnormal herd immunity adalah genosida covid19 covid19indonesia coronavirus sarscov2 chinavirus indonesiaterserah ;mpuanon;negative;anger
26/05/2020 07:22;['#kitabisa', '#indonesiaagainstcovid', '#coronavirus', '#indonesiaterserah'];semangat indonesia sedikit lagiii kitabisa indonesiaagainstcovid coronavirus indonesiaterserah ;oom panda;positive;love
03/06/2020 02:02;['#indonesiaterserah'];disuruh covid friendship mah ogah disini gue butuh antivirus bukan friendship with virus indonesiaterserah;rengga herlambang;negative;anger
03/06/2020 02:01;['#indonesia', '#indonesiaterserah'];dari pada di bebasin malah bikin tambah sulit kenapa gk di manfaatin aja di perkerjakan untuk buat masker kah tau apa lah untuk membantu ketika masa sulit ini kan mereka sudah di isolasi di penjara kann malah lebih aman bagi mereka indonesia indonesiaterserah ;mzainul fuadi;negative;sad
03/06/2020 00:54;['#indonesiaterserah'];terserah terserah lo maunya apa ya udah terserah terserah gue ikutin aja indonesiaterserah;peace;negative;anger
03/06/2020 00:35;['#balikindanahaji', '#mendikbuddicarimahasiwa', '#indonesiaabnormal', '#indonesiaterserah', '#newnormalindonesia'];harusnya si seluruh wilayah negara ini seperti ini tes pcr dan rapid tes gratis balikindanahaji mendikbuddicarimahasiwa indonesiaabnormal indonesiaterserah newnormalindonesia ;bcaralahapaadany ;negative;sad
03/06/2020 00:29;['#lockdownindonesia', '#erapandemi', '#newnormal2020', '#sulselbicarabaik', '#hoakscorona'];benarkah indonesia dilockdown dunia karena rakyatnya yang bandel simak selengkapnya di lockdownindonesia erapandemi newnormal2020 sulselbicarabaik hoakscorona ;sulsel bicara baik;negative;anger
03/06/2020 00:28;['#indonesiaterserah'];sejak 2014 indonesia mulai terpuruk dan 2019 semakin dalam nyungsep di got indonesiaterserah ;spark san;negative;anger
02/06/2020 20:55;['#indonesiaterserah'];semakin gila indonesiaterserah;faisalchan22;negative;anger
02/06/2020 20:17;['#covid19malaysia', '#covid19', '#coronaviruspandemic', '#corona', '#indonesiaterserah', '#malaysiagazette', '#covid19malaysia', '#indonesiamelawancovid19'];indonesia pun jeles dengan cara malaysia menangani masalah covidtahniah malaysiathe safiest country in entire world covid19malaysia covid19 coronaviruspandemic corona indonesiaterserah malaysiagazette covid19malaysia indonesiamelawancovid19;h z q m h d;negative;sad
02/06/2020 19:44;['#indonesiaterserah'];intinya indonesiaterserahjaga diri sndr sj mnangani pasiensmw tnp kcwli pk apd inilah new normalklo g ada apd y tinggal tolak apapun kasusnyasblm slmtkn org lain slmtkn diri sndr dlkrn klo diri sndr g slmt mn bs nangani org laing ush ributbutuh slmt dl sjg butuh duit;bramantyadsbshjustquarantine;negative;anger
02/06/2020 17:55;['#ditinggalnikah', '#moveon', '#galau', '#dirumahaja', '#nikah', '#gagalmoveon', '#jomblo', '#mutualankuy', '#balikindanahaji', '#fakgirl', '#medan', '#indonesiaterserah', '#ngewe'];bagaimana cara move on karna ditinggal nikah ditinggalnikah moveon galau dirumahaja nikah gagalmoveon jomblo mutualankuy balikindanahaji fakgirl medan indonesiaterserah ngewe;babangjem;negative;sad
02/06/2020 17:50;['#dirumahaja', '#indonesiaterserah'];udah biarin aja sekarang masanya bukan dirumahaja tapi kini sudah berganti dengan indonesiaterserah cocok buat mereka yg merasa sehat;  firzi  ;negative;anger
02/06/2020 17:48;['#indonesiaterserah', '#nadiemmanamahasiswamerana'];new normal yang berasa abnormal katanya new normal tapi gedung gak dipake bayar full kuliah daring tapi subsidi kering mau minta banding eh malah dibanting indonesiaterserah nadiemmanamahasiswamerana;el capitano;negative;anger
02/06/2020 17:42;['#indonesiaterserah', '#indonesiabermasah'];stelah indonesiaterserah kyaknya cocok ko ini indonesiabermasah;zamroni;negative;anger
02/06/2020 17:31;['#garagaracorona', '#bikinsebel'];pas lagi jalanjalan gue papasan sama saudara spontan gue senyum selebarlebarnya wkwkwk eh dia malah no ekspresi oh iya lupa kalau gue lagi pakai masker garagaracorona bikinsebel;qori azmil maghfiroh;negative;sad
02/06/2020 17:08;['#indonesiaterserah'];dari awal seharusnya lockdown jangan hanya sekedar psbb dari awal sudah tidak tepat penanganannya menurutku apalagi skrg psbb pun dilonggarkan malah adalagi new normal wkwkwk makanya tenaga medis da bilang indonesiaterserah ;im not freezy;negative;anger
02/06/2020 16:57;['#ojol', '#pandemicorona', '#bansos', '#bltdanadesa', '#tangerang', '#pemdatanggerang', '#dirumahaja'];sy sebagai ojol yg terdampak dgn pandemicorona hingga kini tdk dpt bansos bltdanadesa tangerang sedangkan pemdatanggerang slalu bicara dirumahaja sedang sy jg butuh kenyataan bukan ocehan ;fakegojek ;negative;sad
02/06/2020 16:45;['#partaiperindo', '#covid19', '#bansos'];kami sebagai anggota simpatisan partaiperindo yg terdampak covid19 ingin jg mendapatkan bansos ;fakegojek ;negative;sad
02/06/2020 16:41;['#indonesiaterserah'];masi ingat bukti kesombongan indonesia tentang virus perihal tidak ingin kalah dari china sampai membuat ilmu palsu seolaholah dukun indonesia beraksi karena ada natuna kemarin bangsa ini miskin orang jujur dan rendah hati indonesiaterserah ;jeckie chen;negative;anger
02/06/2020 16:34;['#bersyukur', '#efekwfh', '#garagaracorona'];kata orang makin berisi tandanya makmur bersyukur efekwfh garagaracorona ;feiby vebriani;positive;joy
02/06/2020 14:54;['#covid19', '#bansos', '#kemensos', '#bltdanadesa', '#wargamiskin', '#indonesia'];wlu sy hidup pas2an namun di saat pandemi covid19 kehidupan saudara2 ku lbh banyak dlm kesusahan bansos kemensosbltdanadesa tdk mereka dapatkan sy jg ucapkan trima kasih buat donatur2 secara pribadi yg msh peduli wargamiskin indonesia;fakegojek ;negative;sad
02/06/2020 14:52;['#indonesiabisa', '#indonesiabisa', '#indonesiaterserah', '#letsfightcovid19together', '#frontlinermalaysia'];indonesiabisa to all frontliners in indonesia kalian harus semangat ya teruskan perjuangan jangan pernah putus asa indonesiabisa indonesiaterserah letsfightcovid19together frontlinermalaysia ;ferdaus lazin ;positive;love
02/06/2020 14:44;['#lurahonduty', '#cengkarengbarathebat', '#bansos', '#bersamakitabisa', '#asndkitangguh'];tetap semangat melayani masyarakat semoga bantuan sosial ini bermanfaat bagi masyarakat lurahonduty cengkarengbarathebat bansos bersamakitabisa asndkitangguh kantor lurah ;ilham agustian;positive;love
02/06/2020 14:33;['#indonesiaterserah', '#covid19'];apa tidak bisa tenang hati mereka melihat uang bantuan untuk rakyat sebanyak itu sampai2 menyalahgunakan jabatan demi uang ada aja persenan dari setiap uang mereka untuk kantong kalian indonesiaterserah covid19;walipedia;negative;anger
02/06/2020 14:33;['#indonesiaterserah', '#covid19'];lagi rame masalah pasien meninggal karena penyakit umum trus keluarga pasien dibayar agar pasien ini dicap meninggalnya karena covid agar rumah sakit mendapat pencairan dana dari pemerintah untuk pengurusan pasien covid indonesiaterserah covid19 ;walipedia;negative;sad
02/06/2020 14:22;['#tolongjangankelewatan', '#indonesiaterserah'];ribuan org sudah jadi korbannya bahkan ratusan ribu tlah terkena imbasnya berbulan bulan sudah berbagai pihak berkorban teman sahabat bahkan keluarga rela mereka kesampingkan lalu masihkah kalian tak peduli kawan tolongjangankelewatan indonesiaterserah;anakmama;negative;sad
02/06/2020 13:12;['#indonesiaterserah', '#rasisme'];dunia sudah gilaa sudah corona rakyat nyalain pemerintahan rakyat saling hujat terus ngejelekin paramedis sekarang ada lagi tentang kabar rasis plislah yoww berdamai indonesiaterserah rasisme;     ;negative;sad
02/06/2020 13:00;['#indonesiaterserah'];kita berencana dulu aja ya biar tuhan yg atur selebihnya kalaupun takdir ngetawain kita kita bisa kan ketawa lebih kenceng indonesiaterserah;indomie;negative;sad
02/06/2020 12:18;['#haji2020', '#indonesiaabnormal', '#indonesiaterserah', '#rakyatsambutnewnormal'];gak bisa banget lihat uang nganggur gak ada lagi rasa malu memakai uang yg bukan hak dan miliknya haji2020 indonesiaabnormal indonesiaterserah rakyatsambutnewnormal ;bcaralahapaadany ;negative;anger
02/06/2020 11:04;['#indonesiaterserah'];dapat kiriman surat dr serikat ditempat gw kerja perihal penyesuaian umk dan kejelasan pembayaran gaji yg terlambat 2 12 bulan direktur gw nyangka gw sekongkol dgn karyawan lain padahal gw memposisikan diri gw ada ditengah indonesiaterserah ;arnold;negative;sad
02/06/2020 11:03;['#indonesiaterserah'];jangan menyerahdokter dan perawat meskipun indonesiaterserah kami butuh ketegaran kalian di garda terdepan ;sahala sirait;negative;fear
02/06/2020 10:23;['#newnormal', '#psbb', '#indonesiaterserah'];new normal tpi psbb gimana tuh newnormal psbb indonesiaterserah;noname;negative;sad
02/06/2020 07:16;['#bansos', '#pilkada', '#kpk', '#rakyatmerdeka', '#rmcoid'];demi memenangkan pilkada penunggang gelap bansos melukai perasaan rakyat bansos pilkada kpk rakyatmerdeka rmcoid ;rakyat merdeka;negative;sad
02/06/2020 06:30;['#diksihati', '#puisihati', '#puisicorona', '#karenacorona', '#garagaracorona', '#puisipendek', '#motivasi', '#rintiksedu', '#nkcthi', '#katapuan', '#dirumahsaja', '#akaddulusaja'];tak apa bila hari perayaan cintamu terpaksa ditunda sementara demi keselamatan bersama diksihati puisihati puisicorona karenacorona garagaracorona puisipendek motivasi rintiksedu nkcthi katapuan dirumahsaja akaddulusaja;diksi hati;negative;sad
02/06/2020 06:09;['#indonesiaterserah'];pemerintah pusat maunya ini pemerintah daerah maunya itu rakyat ambil jalan tengahx baiiiiiikkkkkk indonesiaterserah whatever what do u want;mentari rama putri;negative;sad
02/06/2020 06:09;['#indonesiaterserah'];yaa intinya solidaritas sistem pat bangsat indonesiaterserah ;;negative;anger
02/06/2020 05:18;['#kartuprakerja', '#phk'];kartuprakerja solusi phk ;renata basuki;positive;joy
02/06/2020 05:15;['#covid19', '#newnormal', '#newnormalpulihkanekonomi', '#kartuprakerja', '#jokowi', '#indonesia'];kena phk akibat pandemi covid19 newnormal newnormalpulihkanekonomi kartuprakerja jokowi indonesia ;jembatan indonesia;negative;sad
02/06/2020 04:40;['#indonesiaterserah'];kesel bgt d pasar dekat rumah penjualnya bnyk bgt yang nga pakai masker sembari berjualan kok ga perduli bgt ya sama kesehatan diri dan orang sekitar indonesiaterserah;g;negative;anger
02/06/2020 02:42;['#indonesiaterserah', '#indonesiamelawancovid19'];bagi yg keluar keluar pls lah stay home kecuali emang penting banget indonesiaterserah indonesiamelawancovid19;peacefull guy;negative;fear
02/06/2020 02:41;['#indonesiaterserah'];bagi orang indo yg positive corona tolong lah jangan peluk2 orang lain nanti yg ada malah nyebar indonesiaterserah;peacefull guy;negative;fear
02/06/2020 02:10;['#bansos', '#janda'];janda 70 tahun di bogor ditampar petugas beras bansos miliknya juga dipotong 15 kg bansos janda via atuser ;donwori;negative;anger
02/06/2020 02:00;['#bansos'];atuser atuser enak bngt mnta dslsaikn scra kkluargaan pnyidik goblok janda 70 tahun di bogor ditampar petugas beras bansos miliknya juga dipotong 15 kg bansos via atuser ;galendra;negative;anger
02/06/2020 01:58;['#indonesiaterserah'];pada 15 mei yang lalu tular satu hashtag yakni indonesiaterserah oleh seorang fromtliners indonesia bagi meluahkan rasa kesal dan kecewa melihat rakyat indonesia yang gagal mematuhi pembatasan sosial berskala besarpsbb dan membuat protes terhadap polis;amir aiman;negative;sad
02/06/2020 01:42;['#indonesia', '#indonesiaterserah'];selamat pagi indonesia aku kira hari ini aku dapat pergi keluar ternyata tidak get well soon indonesia kuu indonesia indonesiaterserah;wadidaw;negative;sad
02/06/2020 00:35;['#indonesiaterserah', '#indonesiaabnormal', '#indonesiamesum', '#ngewe'];wtf indonesiaterserah indonesiaabnormal indonesiamesum ngewe ;andi mukhtar;negative;anger
02/06/2020 00:03;['#indonesiaterserah'];miris di negara taekland indonesiaterserah ;elfahri100;negative;anger
01/06/2020 23:13;['#indonesiaterserah'];3174 diperpanjang atau tidak terserah indonesiaterserah;biancojol;negative;anger
07/06/2020 04:32;['#bansos', '#solidaritas', '#pedulirakyatdesa'];kondisi ini di daerah kebumen jawa tengahsaya dan teman2 berkoordinasi mei kemarin saat idul fitri kami semua beda agama tapi satu tujuan memberi bansos buat orang kecil yang rumahnya tidak terjangkau ambil bansos bansos solidaritas pedulirakyatdesa ;jenie fengshui;positive;love
07/06/2020 04:08;['#indonesiaterserah'];percumah due utek nek sing dipandang fisike indonesiaterserah;kie nyong;negative;sad
07/06/2020 03:44;['#indonesiaterserah'];apa enaknya olahraga pake masker lari2 engap gtu pake masker terserah indonesiaterserah ;bertonys;negative;anger
06/06/2020 23:30;['#indonesiaterserah'];kota pelajar yg tidak terpelajar otaknya pada ketinggalan indonesiaterserah;kritiku;negative;anger
06/06/2020 17:28;['#garagaracorona', '#diksihati', '#puisihati', '#literasi', '#puisi', '#senandika'];rasanya kurang sebentar saja ijab itu akan terjawab kata sah ah sayangnya terpaksa tertunda garagaracorona follow atuser support 1k diksihati puisihati literasi puisi senandika;diksi hati;negative;sad
06/06/2020 16:31;['#indonesiaterserah'];tapera adalah kebijakan yang janggal untuk diterapkan di saat krisis ekonomi karena pandemi saya suudzon ini dilakukan karena pemerintah sedang cari sumber pembiayaan baru di tengah pelebaran defisit anggaran indonesiaterserah;;negative;anger
06/06/2020 13:57;['#indonesiaabnormal', '#indonesiaterserah', '#islamselamatkannegeri'];inna lillaho wa inna ilaihi rojiun new normal indonesiaabnormal indonesiaterserah islamselamatkannegeri ;mbahmageti;negative;sad
06/06/2020 13:28;['#indonesiaterserah'];ganti secepatnya utk memulihkan kepercayaan terutama menkes menko maritim menag menhub menkumham tapi pesimis itu terjadi indonesiaterserah ;golputers;negative;sad
06/06/2020 13:24;['#indonesiaterserah'];jumlah kasus baru malah tambah tinggi kayak di italia udah hampir 1000 orang terinfeksi dalam sehari belom ada tanda2 menurun sama sekali gara2 org2 kita juga masih maunya bandel setengah mati pun intended tapi udah mau longgarkan psbb indonesiaterserah emang ;  ;negative;fear
06/06/2020 11:44;['#indonesiaterserah', '#indonesiabisa'];indonesiaterserah tetapi yakinlah indonesiabisa ;alfirus ahmad;positive;love
06/06/2020 10:47;['#bem', '#indonesiaterserah'];bem miris bacanya indonesiaterserah ;wendraanjarwibowo;negative;sad
06/06/2020 10:36;['#kitajagakita', '#indonesiaterserah', '#indonesiabisa'];untuk seluruh warga islam dan barisan depan kitajagakita indonesiaterserah indonesiabisa ;alfirus ahmad;positive;love
06/06/2020 07:19;['#bansos'];masker bansos jelek bahan kasar dengan bentuk persegi yang dibuat tanpa mempertimbangkan anatomi manusia tipikal hasil project orang pemerintahan dana yang turun gilagilaan hasilnya gila beneran ;berry;negative;anger
06/06/2020 06:51;['#covid', '#coronavirusindonesia', '#covid_19', '#indonesiaterserah', '#covid19indonesia', '#viruscorona'];apa korona bisa menghilang kenapa korona tidak bosan untuk menetap mengapa corona tidak memikirkan manusiamanusia yang membutuhkan waktu untuk hidup bahagia covid coronavirusindonesia covid19 indonesiaterserah covid19indonesia viruscorona;salsabilla s a;negative;sad
06/06/2020 06:48;['#kpk', '#bansos'];keluhan yang paling banyak disampaikan adalah pelapor tidak menerima bantuan padahal sudah mendaftar yaitu 54 laporan kpk bansos ;antaranewscom;negative;sad
06/06/2020 05:32;['#indonesiaterserah'];jadi gegara gitu min dinaikin iurannya indonesiaterserah;delzza14;negative;sad
06/06/2020 04:26;['#indonesiaterserah', '#indonesiajanganterserah'];penyebab muncul tagar indonesiaterserah saat awal pandemi banyak yg belum jelas 1kebijakan pemerintahnya 2pengetahuan masyarakatnya 3minimnya sarana kesehatan stress pd nakes mari bantu mereka indonesiajanganterserah atuser atuser atuser ;benmoedeng;negative;sad
19/06/2020 14:45;['#headlinejabar', '#jawabarat', '#bansos', '#covid_19', '#ridwankamil', '#beritajawabarat', '#kabarjabar', '#jagajarak', '#pakaimasker', '#cucitangan'];headline jawa barat tercatat 300 institusi memberikan bantuan penanganan covid19 di jawa barat headlinejabar jawabarat bansos covid19 ridwankamil beritajawabarat kabarjabar jagajarak pakaimasker cucitangan;headlinebogor;positive;love
19/06/2020 14:32;['#indonesiaterserah'];awal berita covid19 semua pd takut metong aturan psbb pun dihantam merasa diri paling kuat giliran new normal aturan satu persatu dilanggar maunya apa sih yak bljar dr yg sudah dong jgn asal nyablak klau diri sndiri jg blm sepenuhnya taat aturan indonesiaterserah ;jenita ramba alik;negative;anger
19/06/2020 14:26;['#indonesiaterserah', '#indonesiacovid19proof'];ga usah ngomong takut gelombang ke2 gelombang pertama aja msh belum jelas kapan melandasi indonesiaterserah indonesiacovid19proof;fendrik kusuma;negative;anger
19/06/2020 12:52;['#kompolmas', '#bansos'];16 kk desa suka maju mendadak kaya kompolmas bansos ;kompolmastv;negative;anger
19/06/2020 12:07;['#bansos', '#bantuansosial', '#dinsos', '#kemensos', '#srandakan', '#bantul', '#dprd', '#diy', '#jogja'];korupsi dana bantuan sosial merupakan tindak kejahatan luar biasa yang melukai rasa kemanusian bansos bantuansosial dinsos kemensos srandakan bantul dprd diy jogja atuser ;ayo yogyakarta;negative;anger
19/06/2020 11:45;['#kamuharustau', '#bansos', '#coronavirus', '#covid19'];rame amat nggak ada yang takut terpapar corona nih kamuharustau bansos coronavirus covid19 ;indozone;negative;fear
19/06/2020 09:27;['#indonesiaterserah'];gimana mau cepat selesai kalo masyarakat gk mau dengerin pemerintah indonesiaterserah ;mr roast;negative;anger
18/06/2020 16:17;['#kartuprakerja'];tapi sayangnya sebagian peserta lebih mementingkan janji insentifnya sehingga mengambil pelatihan asal memang pelatihan dan bansos agak sulit kalau digabung kartuprakerja;the dregs rules;negative;sad
18/06/2020 14:03;['#indonesiabebas', '#indonesiadagelan', '#indonesiaterserah'];di tengah kondisi gini masih bisa bertahan aja udah bersyukur tapi reaksi reaksi dan kelakuan para sang sang itu bikin jiwa manusiawi yang ingin menghujat ini muncul dimana otak kalian indonesiabebas indonesiadagelan indonesiaterserah;mancha;negative;anger
18/06/2020 13:59;['#indonesiadagelan', '#indonesiaterserah', '#indonesiabebas'];semoga terus lurus dan amanah om indonesiadagelan indonesiaterserah indonesiabebas ;mancha;positive;love
18/06/2020 13:36;['#newnormal', '#indonesiaterserah'];inna lillahi wa inna ilaihi rojiun newnormal indonesiaterserah ;mbahmageti;negative;sad
18/06/2020 13:30;['#newnormal', '#psbb', '#psbbbandung', '#psbbbdg', '#indonesiaterserah', '#selfreminder'];new normal with same old stupidity newnormal psbb psbbbandung psbbbdg indonesiaterserah selfreminder;okky rizki;negative;anger
18/06/2020 13:29;['#indonesiaterserah'];atur bro indonesiaterserah;efrizal r;negative;anger
18/06/2020 11:59;['#indonesiaterserah'];ya gak gimana gimana sekarang kan data itu hanya sebatas angka angka saja tidak bermakna apa apa indonesiaterserah;mus;negative;sad
18/06/2020 11:00;['#insentifprakerjatidakcair', '#insentifprakerjabelumcair', '#kartuprakerja', '#bansos', '#korbanphk'];oh pantesan insentifprakerjatidakcair insentifprakerjabelumcair apakah kartuprakerja mau distop atuser atuser atuser atuser atuser karena kata atuser bisa merugikan negara padahal program ini kan termasuk bansos korbanphk akibat pandemi ;iwan resmawan;negative;anger
18/06/2020 10:10;['#kartuprakerja'];mon maap nih buat pemerintah mo nanya itu kartuprakerja katanya buat ngebantu yg kena dampak covid 19 kan yalah it temen gw dana insentifnya kagak di proses2 udh mau 1bln di rumahin udh mao 4bln lebaran gak pulkam di jakarta sendirian buat makan aja minta tolong sm temen2;dewa;negative;sad
18/06/2020 06:56;['#indonesiadarurathumor', '#indonesiaterserah'];warga facebook 62 yg cuma cuma bisa ketik aamiin tanpa membaca arti tujuan caption indonesiadarurathumor indonesiaterserah ;gua bukan;negative;sad
18/06/2020 02:49;['#siapdarisekarang', '#duniakerja', '#karier', '#officelife', '#kartuprakerja'];semangat terus ya kawan murid siapdarisekarang duniakerja karier officelife kartuprakerja ;sekolahmu;positive;love
18/06/2020 00:37;['#saveindonesia', '#indonesiaterserah'];seng nggarai nambah wong tikas gak kenek covid di arani covid saveindonesia indonesiaterserah;purwanto;negative;anger
17/06/2020 22:04;['#indonesiaterserah'];haduuuuh indonesiaterserah hiks;nuretha purwaningtyas;negative;sad
17/06/2020 21:04;['#indonesiaterserah'];tolong ini yang komplen siapa waras apa ngga indonesiaterserah ;erly;negative;anger
17/06/2020 19:54;['#indonesiaterserah'];wkwkkwk tiiba2 hening kriik kriiik indonesiaterserah;aditya joe nugraha;negative;anger
17/06/2020 16:14;['#mahasiswa', '#palangkaraya', '#indonesiaterserah'];mahasiswa kehilangan marwahnya masa studinya dihabiskan untuk hal siasia setelah lulus tak bisa apaapa tak tahu ilmunya digunakan untuk apa keahlian ekstranya tidak ada softskill tak punya hebatnya hanya dalam perang game saja mahasiswa palangkaraya indonesiaterserah;akbar ditya ridhani;negative;sad
17/06/2020 15:58;['#banyuwangi', '#bansos'];tito pun memuji bupati banyuwangi abdullah azwar anas yang menurutnya mampu mengelola data dengan baik begini jelasnya bansos ;semangat banyuwangi;positive;joy
17/06/2020 12:45;['#indonesiaterserah', '#indonesiaterserah'];yatuhan ku ingin pindah negara indonesia sudah hilang keadilan dan jadi negara semrawut syukur kalo dibuang dari negara lumayan gak ngurus paspor indonesiaterserah indonesiaterserah;vencesa;negative;anger
17/06/2020 10:50;['#bansos'];bansos sembako diperpanjang sampai akhir tahun semuanya dikelola kemensos bansos;kontan news;positive;joy
17/06/2020 08:45;['#garagaracorona'];garagara sering make masker wajahku jadi belang kayak oreo anjir yang atas item yang bawah putih garagaracorona;cerufuck gorenk;negative;sad
17/06/2020 07:16;['#subang', '#bansos'];dipicu persoalan penyaluran bansos covid tak merata seorang kepala dusun di subang dianiaya warganya akibat penganiayaan tersebut korban alami luka dan memar di pergelangan kedua kaki subang bansos via atuser ;detikcom;negative;sad
17/06/2020 06:57;['#indonesiaterserah', '#lahat', '#lahatupdate'];allahuakbar uang bisa dicari tapi nyawa melayang tak akan kembali tag semua yang suka koarkoar indonesiaterserah ervina yana seorang warga di makassar harus kehilangan bayi dalam kandungannya saat akan dilahirkan lahat lahatupdate ;lahatupdate;negative;sad
17/06/2020 01:34;['#covid_19', '#pemerintah', '#pandemi', '#bansos'];usaha lu kurang maksimal gw pengen jawab pler lah pemerintah yg punya otoritas udah usaha maksimal ga buat nekan penyebaran covid19 coba jabarkan usaha maksimal apa yg pemerintah lakukan utk mengatasi pandemi ini bansos bansos itu bukan solusi menurut gw;dito khalibran;negative;anger
16/06/2020 20:28;['#indonesiaterserah'];kuching sja pakai masker masak km manusia masih ngeyel indonesiaterserah ;sulaiman;negative;anger
16/06/2020 18:46;['#indonesiaterserah'];indonesiaterserah pokoknya gimana kabarnya orang2 yg nongkrong dan liburan selama psbb kemarin sebelum kasusnya drtirta ini banyak bos banyak yg lebih goblok dari drtirta kok gak di blow up juga krn doi influencet aja makanya cepet viralnya padahal mah bnyk yg lebih gblk ;mbul;negative;anger
16/06/2020 14:29;['#indonesiaterserah'];akhirnya ya ntar muncul lagi indonesiaterserah karena udah pasrah aja ama keadaan memang bisa diupayakan tapi lebih banyak orang yang bodo amat daripada yang peduli jadi stay healthy and stayin alive folks;rafi anwar setiaji;negative;sad
16/06/2020 13:33;['#dirumahaja', '#indonesiaterserah', '#indonesiagamenyerah'];tapi ya itu bukan alesan sih buat berenti ngedukasi dan ngajak supaya tetep dirumahaja ngubah indonesiaterserah jadi indonesiagamenyerah;nasywa;negative;sad
16/06/2020 12:20;['#mandailingnatal', '#bansos'];warga kabupaten mandailingnatal memblokir jalan lintas sumatera menuntut pembagian bansos dari dana desa dibagi merata ;whynote;negative;anger
16/06/2020 10:09;['#bansoscovid19', '#bansos', '#kemanabansos', '#covid19', '#bansosbatuceper', '#bansostangerang', '#hakwargabansos'];bansos covid19 nggak sampai2 ke warga yang berhak dan tidak sesuai data yang diajukan terus bansosnya nyangkut dimana ya bansoscovid19 bansos kemanabansos covid19 bansosbatuceper bansostangerang hakwargabansos ;itsjustme;negative;anger
16/06/2020 06:52;['#newnormal', '#indonesiaterserah', '#besokmakanapa', '#kartuprakerja', '#jagajarak'];pemerintah punya newnormal petugas medis punya indonesiaterserah masyarakat punya besokmakanapa pengangguran punya kartuprakerja ukm punya jagajarak;siapa;negative;anger
15/06/2020 23:15;['#alhamdulillah', '#sayabersyukur', '#bansos'];alhamdulillah sayabersyukur i monday 15 juni 2020 menerima kunjungan pak jaenudin dari pt pos indonesia terkait rencana pendistribusian bansos kepada umkm terdampak pandemik ;semtimsemangatjuara;positive;joy
15/06/2020 15:06;['#indonesiaterserah'];lebih baik menanggulangi dari pada mencegah indonesiaterserah ;budiawan jb;negative;sad
15/06/2020 14:33;['#hehe', '#bintangemon', '#indonesiaterserah'];di negara demokrasi kamu bebas ngomong apa aja tapi makan harus cari sendiri di negara komunis makan dicukupi tapi kamu gaboleh mengkritik pemerintah di indonesia kamu gaboleh mengkritik pemerintah tapi makan harus cari sendiri hehe bintangemon indonesiaterserah;sharim;negative;anger
15/06/2020 13:38;['#garagaracorona'];pkl cuma 10 hari harus bersyukur aja garagaracorona ;dipooong;negative;sad
15/06/2020 11:27;['#bansos'];sejumlah warga desa airputih mentok bangka barat mengadu karena belum menerima bantuan sosial dari pemerintah bansos ;jpnncom;negative;anger
15/06/2020 11:13;['#headlinenasional', '#kpk', '#bansos', '#pandemic2020', '#beritanasional', '#kabarnasional', '#kabarbansos', '#jagajarak', '#pakaimasker', '#cucitangan'];headline nasional kpk catatkan 130 pemerintah daerah memperoleh keluhan terkait bansos headlinenasional kpk bansos pandemic2020 beritanasional kabarnasional kabarbansos jagajarak pakaimasker cucitangan;headlinebogor;negative;anger
15/06/2020 07:16;['#indonesiaterserah'];orang indo harus sadar tentang ini jangan indonesiaterserah please sadar diri ini ga cuma untuk diri sendiri tapi untuk orang2 disekitar kalian jg apalagi yang kalian sayangi ;  ;negative;fear
15/06/2020 06:38;['#radardepok', '#kelurahanpangkalanjatibaru', '#kecamatancinere', '#bansos', '#bantuansosial', '#kotadepok']; 1670 warga kelurahan pangkalanjati baru dapat bansos mantaapp apakah tementemen salah satu penerimanya radardepok kelurahanpangkalanjatibaru kecamatancinere bansos bantuansosial kotadepok ;radardepok;positive;joy
14/06/2020 19:04;['#indonesiaterserah'];mau ngelanjutin tapi barusan liat puncak jadi lautan manusia ah udahlah indonesiaterserah;kania albaga;negative;anger
14/06/2020 19:02;['#newnormal', '#indonesia', '#indonesiaterserah', '#indonesiabisanewnormal'];newnormal indonesia indonesiaterserah indonesiabisanewnormal yakin bisa tapi rasanya makin bandel aja orang2nya makanya aku sengaja ngk turun mobil karna takut keramaian ;wibawang;negative;anger
14/06/2020 19:01;['#tirta', '#indonesiaterserah', '#indonesianewnormal'];kan kan kan dr tirta kan lagi dari awal masa pandemic emang udah caper tirta indonesiaterserah indonesianewnormal;incognitokv;negative;anger
14/06/2020 17:58;['#indonesiaterserah', '#drtirta'];apapun yg di lakukan sampean bakal tetap di goreng dan di bolak balik sampe mateng jd indonesiaterserah itu kyk x sdh pantas drtirta ;rangga jusmi prakoso;negative;anger
14/06/2020 17:31;['#indonesiaterserah'];beli ini buat ngojek ah kan udah new normal indonesiaterserah ;muhammad irfanw;negative;anger
14/06/2020 16:55;['#indonesiaterserah', '#covid19', '#indonesia', '#indonesiahancur', '#indonesiamiskin'];rapid test menjadi ajang bisnis yang menggiurkan bagi rumah sakit segala sesuatu harus di awali dengan rapid test walau pun kita sudah pernah menjalani rapid test indonesiaterserah covid19 indonesia indonesiahancur indonesiamiskin;abenk xzibit;negative;anger
14/06/2020 16:30;['#cegahcovid19', '#covid19', '#bansos', '#polricegahcorona', '#polriuntukindonesia', '#polripeduli', '#polrestadeliserdang'];mari kita doakan bersama agar pandemi covid19 ini segera berakhir ya sobat polri cegahcovid19 covid19 bansos polricegahcorona polriuntukindonesia polripeduli polrestadeliserdang ;polresta deli serdang;positive;sad
14/06/2020 16:15;['#indonesiaterserah'];bisa jadi adanya indonesiaterserah salah satunya berasal dari sini dan akupun dengan polos dan lugu ikut mendukungnya ;    ;negative;sad
14/06/2020 16:07;['#indonesiaterserah'];ketika keluarga kamu begitu aware sama corona sampe lebaran juga ga ada yg mudik lalu some people tell u untuk santuy aja mulutmu ituloh pengen gue cabein santuy aja masih aku liatin belum aku doain indonesiaterserah;andi zainab nurrahma;negative;anger
14/06/2020 15:03;['#indonesiaterserah'];yang bikin kesalahan yang punya kekuasaanyang susah seluruh negri indonesiaterserah;hendra pratama muslim;negative;sad
14/06/2020 14:44;['#indonesiaterserahsukasukakalian', '#indonesiaterserah', '#savetenagamedis'];duitnya banyak yah rakyat indonesia bisa jalan2 dimasa pandemi awas aja sampe ngeluh ga ada duit buat makan ke pemerintah sehabis ini indonesiaterserahsukasukakalian indonesiaterserah savetenagamedis ;ianselow2696;negative;anger
14/06/2020 12:54;['#bansos', '#dkijakarta'];alhamdulillah hari ini pemprov dki jakarta yang berkolaborasi dengan kementerian sosial ri telah selesai menyalurkan bantuan sosial tahap 3 kepada warga jakarta baik yang berktp dki ataupun non dki kurang mampu dan rentan terdampak covid19 bansos dkijakarta ;prasetyo edi marsudi;positive;joy
14/06/2020 12:26;['#indonesiaterserah'];dulu bikin tagar indonesiaterserah kemaren asik asikan joget wkwk malu anjingg tololll goblookkkk;mansur;negative;anger
14/06/2020 12:23;['#indonesiamelawancovid19', '#indonesiaterserah', '#coronavirusindonesia'];update covid19 total mencapai jumlah lebih dari 38000 kasus link berita indonesiamelawancovid19 indonesiaterserah coronavirusindonesia ;jagat olahraga;negative;sad
14/06/2020 10:54;['#indonesiaterserah'];menghayati indonesiaterserah terlalu dalam;yonatan anugerah;negative;sad
14/06/2020 10:53;['#indonesiaterserah'];yg gak peduli tentang indira dan dr tirta jadi trending yuk sini gandengan tangan indonesiaterserah;imigran bumi;negative;anger
14/06/2020 09:47;['#indonesiaterserah'];dulu aja indonesiaterserah skrng terserah suka suka lo deh udah cape kali ya ni orang;mons;negative;anger
14/06/2020 09:29;['#indonesiaterserah'];ahh jangan2 yg suruh pemerintahnya sendiri nih indonesiaterserah;rojer;negative;anger
14/06/2020 08:08;['#indonesiamismanaged', '#indonesiasalahurus', '#indonesiasalahasuhan', '#indonesiawhatever', '#indonesiaterserah', '#indonesiaspeechless', '#indonesiamelongo'];media juga jgj asal naikin issue tanpa fakta yg kongkrit komplit jaga integritas kredibilitas jgn dikorbankan demi publisitas sesaat indonesiamismanaged indonesiasalahurus indonesiasalahasuhan indonesiawhatever indonesiaterserah indonesiaspeechless indonesiamelongo;me;negative;anger
14/06/2020 05:38;['#indonesiaterserah'];indonesia kucar kacir sebab rakyat termakan berita hoax internet kesannya rakyat anggap kerajaan penipu frontliners pulak kena pukul kena halau kalau nak masuk sesebuah daerah rakyat yg mati tambah ramai penyelesaian takde sampailah keluar hashtag indonesiaterserah;kekeyi putri cantika ;negative;anger
14/06/2020 04:53;['#indonesiaterserah', '#indonesiaterserah'];pandemi gk bakal mari nek kalian semua masih berkeliaran di luar aku yo pingin keluar pingin pandemi ndang mari ojo egois lah apa nunggu kena dulu baru sadar indonesiaterserah indonesiaterserah;ulih pejuang subuh;negative;anger
14/06/2020 04:34;['#covididiots', '#jakarta', '#indonesiabisanewnormal', '#indonesiaterserah', '#covid19', '#coronavirusindonesia'];covididiots in jakarta setiap jumat dan sabtu malam seperti ini di masa psbb juga indonesiabisanewnormal indonesiaterserah covid19 coronavirusindonesia ;therisingstarid;negative;sad
14/06/2020 04:21;['#indonesiaterserah'];sabtu sehat malming santuy sambil gowes satu pertanyaan faedahnya apa coba sehat yang ada kena virus dengan lo bersepeda sama ngumpul gitu bisa ningkatin ekonomi gak yang ada ningkatin gengsi lo nurutin instastory sama wa story pantesan indonesiaterserah;bukan cerdikiawan;negative;anger
14/06/2020 04:11;['#indonesiaterserah'];atuser yg nikahan rame rame gak pake masker semoga pernikahannya lancar semoga gak ada yang nyumbang covid19 indonesiaterserah ;farich firmansyah;negative;fear
14/06/2020 03:17;['#indonesiaterserah'];coba liat yang kemarin koar koar indonesiaterserah ujungnya berwisata juga kan ;a;negative;anger
14/06/2020 01:56;['#indonesiaterserahpakde', '#indonesiaabnormal', '#indonesiaterserah'];indonesiaterserahpakde apakah bu susi di dengar pakde rakyat sdh g ada yg di denger bu urusan covid19 belum kelar malah sdh mau ke new normal apalagi skrg makin banyak yg percaya coronavirus itu hoax indonesiaabnormal indonesiaterserah ;moamera;negative;sad
14/06/2020 00:49;['#indonesiaterserah'];lama2 ngadepin semuanya dah kaya agama menurut kepercayaan masing2 indonesiaterserah;b;negative;sad
14/06/2020 00:22;['#indonesiaterserah'];sepedaan ala deg2an indonesiaterserah ;nurulr;negative;fear
14/06/2020 00:22;['#indonesiaterserah'];maumu apa udah indonesia terserah indonesiaterserah;marlan aliani aqlan;negative;anger
13/06/2020 19:54;['#indonesiaterserah'];gw lagi difase pengen jawab terseraaaakhhhhh doang ke semua orang indonesiaterserah;asy;negative;anger
13/06/2020 19:40;['#covid19jawabarat', '#covid19', '#indonesiaabnormal', '#indonesiaterserah'];covid19 di kab bogor melonjak kok fakta ini seolah bertolak belakang dg data yg dipost kang atuser data itu sudah dicek n ricek blm kang covid19jawabarat covid19 indonesiaabnormal indonesiaterserah atuser atuser ;henny purnama sari;negative;surprise
13/06/2020 18:46;['#uang', '#semiallah', '#indonesiaterserah'];semakin besar kekuasaan mu semakin besar pula tanggung jawab yang kau tanggung jangan pernah melihat uang yang ditawarkan tetapi lihat orang yang di rugikan dan kenapa uang menjadi tuhan di bumi ini seorang pengadil saja bisa dibelisemiallah indonesiaterserah ;botaq;negative;sad
13/06/2020 18:28;['#indonesiaterserah'];bahasa anak 62 indonesiaterserah kwkwkw;fifah2599;negative;anger
13/06/2020 15:01;['#gaksengaja', '#indonesiaterserah'];bisa dilihat betapa anehnya welcome to 62 gaksengaja indonesiaterserah ;batukepala;negative;sad
13/06/2020 14:14;['#indonesiaterserah', '#indonesiaabnormal'];hahahahaaaaa ditertawain aja deh indonesiaterserah indonesiaabnormal ;rumahaksara;negative;anger
13/06/2020 12:27;['#kemensoshadir', '#bansos']; selama covid19 ini kegiatan belajar masih seperti biasa tapi saya dan temanteman ngga boleh pulang harus disini dulu orang tua juga tidak bisa menengok di pesantren cerita salah satu santriwati di ponpes shohibul muslimin cc atuser kemensoshadir bansos;satriya mudha;negative;sad
13/06/2020 12:11;['#indonesiaterserah'];coba check gor sunter tiap sabtu dan minggu 6 pagi dan 4 sore masa di kumpulkan untuk senam aerobik rame2 penularan covid pake masker cmn buat dokumentasi saja indonesiaterserah bei gor sunter;sylvia sysil;negative;anger
13/06/2020 12:10;['#kemensoshadir', '#juliaribatubara', '#bansos', '#banten']; terima kasih banyak pak menteri meski dalam kondisi negara yg sedang sulit karena covid19 namun pemerintah masih terus berupaya membantu rakyatnya dengan memberikan paket sembako ini ungkap bachtiar chamsyah cc atuser kemensoshadir juliaribatubara bansos banten;satriya mudha;positive;love
13/06/2020 12:07;['#kemensos', '#kemensoshadir', '#bansos', '#juliaribatubara', '#banten', '#ponpesshohibulmuslimin'];pembina pondok pesantren pun menambahkan bahwa kita semua harus bahumembahu demi mewujudkan kesejahteraan sosial cc atuser atuser kemensos kemensoshadir bansos juliaribatubara banten ponpesshohibulmuslimin;satriya mudha;positive;love
13/06/2020 12:05;['#quarantine', '#garagaracorona', '#stayhome'];tak berkesudahan kasih setia tuhan tak habishabisnya rahmatnya selalu baru tiap pagi besar kesetiaanmu quarantine day 13 with nethyastuti quarantine garagaracorona stayhome ;pillih yanti;positive;love
13/06/2020 12:03;['#kemensoshadir', '#juliaribatubara', '#bansos', '#kabserang', '#banten']; kami sebagai pelayan publik berharap bisa memberikan kesejahteraan bagi seluruh bangsa negara dan rakyat indonesia tanpa memandang ras suku agama jelas mensos cc atuser atuser kemensoshadir juliaribatubara bansos kabserang banten;satriya mudha;positive;love
13/06/2020 12:00;['#kemensoshadir', '#bansos', '#juliaribatubara', '#banten', '#kabserang'];kementerian sosial menyalurkan 10000 paket bantuan sosial sembako berisi beras 5 kg minyak 2 liter sarden 7 kaleng mi instan 12 bks kepada 51 pondok pesantren di provinsi banten cc atuser atuser kemensoshadir bansos juliaribatubara banten kabserang;satriya mudha;positive;love
13/06/2020 11:48;['#kemensos', '#kemensoshadir', '#juliaribatubara', '#bansos'];mensos salurkan bansos sembako kepada 51 ponpes di provinsi banten cc atuser atuser atuser kemensos kemensoshadir juliaribatubara bansos ;satriya mudha;positive;love
12/06/2020 17:56;['#indonesiaterserah'];indonesia kebanyakkannya tak percaya ada virus covid19 so uncle ni cakap dia nak sedut virus tersebut indonesiaterserah ;woace;negative;anger
12/06/2020 17:15;['#indonesiaterserah']; kenapa ga sekalian aja pakai kata becanda indonesiaterserah ;gmbl;negative;anger
12/06/2020 15:07;['#ldr', '#garagaracorona'];ternyata jarak mengajarkan kita bahwa quality time berdua disaat lagi bisa ketemu tuh sungguh berarti ldr garagaracorona;linda ;negative;sad
12/06/2020 11:51;['#indonesiaterserah'];jgn sampai ada hastag indonesiaterserah jilid 2;lenka;negative;fear
12/06/2020 11:03;['#garagaracorona'];pas pandemic gini tiba banyak orang jual produk yang bersaing garagaracorona;yesaya;negative;surprise
12/06/2020 10:46;['#indonesiaterserah'];terserah kamu aja indonesiaterserah;setiawan;negative;anger
12/06/2020 10:36;['#indonesiaterserah'];lho kon berubah lagi tadi curiga orang2 dibiarkan mati karena mau menggantikan mereka dengan pekerja asing sekarang seolah2 membiarkan karena membalas tagar indonesiaterserah apakah ada kecurigaan lain banyak amat ya;sepuluh tahun lagi;negative;fear
12/06/2020 10:34;['#indonesiaterserah'];saya curiga setelah naiknya indonesiaterserah yg menandakan banyak tenaga kerja yg merasa tidak dihargai karena banyak yg malah kluar saat pandemi ini malah pemerintah yg memberikan kelonggaran pada pembatasan yg beralasan new normal dikondisi yg blm kondusif ini; x ;negative;anger
12/06/2020 06:58;['#terserah', '#terserahpemerintah', '#indonesiaterserah'];terserah terserahpemerintah indonesiaterserah ;tungs;negative;anger
12/06/2020 06:55;['#kamuharustau', '#bansos', '#bupati', '#luwuutara'];indah menaklukkan medan yang terjal dan berbukit demi menyalurkan bantuan sosial bansos untuk warganya kamuharustau bansos bupati luwuutara ;indozone;positive;love
12/06/2020 05:18;['#psbbtransisi', '#bansos', '#hadapibersama', '#jakartatanggapcorona', '#bantusesama'];terima kasih atas gerak cepat jajaran pemerintah kota hingga rtrw kader dasawisma dan juga apresiasi kepada aparat tnipolri yang membantu pendistribusian bansos langsung ke rumah warga psbbtransisi bansos hadapibersama jakartatanggapcorona bantusesama ;pemprov dki jakarta;positive;love
12/06/2020 05:09;['#bansos', '#infomoga'];warga menuntut kejelasan dana bantuan yang dipotong dan pendataan penerima bansos infomoga selengkapnya klik tautan berikut ;infomoga;negative;anger
12/06/2020 05:07;['#optimisnewnormal', '#prank', '#covid?Ÿ¬19', '#indonesiaterserah'];hmmmboleh dicoba optimisnewnormal prank covid19 indonesiaterserah ;sekiway;negative;anger
12/06/2020 04:59;['#indonesiaterserah'];the real indonesiaterserah ;ryan;negative;sad
12/06/2020 04:28;['#indonesiaterserah'];tdk ada kata koreksi bg pln yg jelas ttp hrs bayar masalah potongan nti disesuaikan sendiri oleh plnmau potong sedikit atau potong gede suka2 pln aja lah indonesiaterserah;;negative;anger
12/06/2020 03:08;['#indonesiaterserah'];terserah indonesiaterserah ;nomor 13;negative;anger
11/06/2020 18:12;['#indonesiaterserah'];sudahla indonesiaterserah;;negative;sad
11/06/2020 16:09;['#indonesiaterserah'];iya dah jadi bingung emang udah cocok hastag indonesiaterserah;imam parizki;negative;anger
11/06/2020 15:35;['#indonesiaterserah'];wtf indonesiaterserah ;son;negative;anger
11/06/2020 15:27;['#indonesiaterserah'];parah parahhh new normal kek gini indonesiaterserah ;kamilaaazura;negative;anger
11/06/2020 13:16;['#psbbtransisi4niesgagal', '#pejuhin', '#indomaret', '#bangkitdengannewnormal', '#keciduk', '#covididiots', '#indonesiaterserah'];parodi lagu kekasih sejatiku atuser tentang sejatinya kamu corona gabisa ngomong apa lagi selain terserah pake emoji senyum psbbtransisi4niesgagal pejuhin indomaret bangkitdengannewnormal keciduk covididiots indonesiaterserah ;kania albaga;negative;anger
11/06/2020 13:09;['#indonesiaterserah'];62 merdeka indonesiaterserah ;;positive;love
11/06/2020 11:46;['#indonesiaterserah'];saatnya mengeluarkan tagar indonesiaterserah;yudis;negative;sad
11/06/2020 11:07;['#indonesiaterserah'];apa artinya new normal jika hari hari diwarnai kasus yg terus bertambah indonesiaterserah ;djwagyo purnomo;negative;sad
11/06/2020 09:27;['#indonesiaterserah'];udh ada vasenya gue males liat update corona virus bodo amet lah indonesiaterserah; kia ;negative;anger
11/06/2020 09:05;['#indonesiaterserah', '#newnormal'];gak paham lagi sumpahindonesiaterserah newnormal ;bobby pratama;negative;anger
11/06/2020 04:59;[];susah kalo melalui aparat kampung kalo gasenengi urusan pribadi bansosgapernahdapatapapa;jarwofa;negative;anger
11/06/2020 04:58;['#indonesiaterserah'];kirakira begini bunyi tweet salah satu penduduk langit masker ditimbun tuhan dianggap rabun handsanitizer diburu bacaan dzikr dinilai halu indonesiaterserah;em;negative;anger
11/06/2020 04:47;['#indonesiaterserah', '#indonesiaterserah'];jauh sebelum kita memviralkan indonesiaterserah sebagai wujud rasa bongko kita atas kelakuan warga 62 yang bodoamat terhadap protokol ahli medis atau pemerintah mungkin tagar indonesiaterserah ini sudah lebih dulu menjadi trending topic di sosial media para penduduk langit;em;negative;anger
11/06/2020 01:53;['#covid19', '#viruscorona', '#indonesiaterserah'];selama vaksin covid19 belum ada maka mau lockdown or psbb or new normal tetap sja ada terinfeksi viruscorona jd ngak usa gomong halu indonesiaterserah ;golputers;negative;anger
11/06/2020 01:08;['#indonesiaterserah', '#indonesiaabnormal', '#indonesia'];lewat jalur mana kah mereka bisa lolos masuk indo tanpa surat dan dokumen samsek passport sekalipun gak ada indonesiaterserah indonesiaabnormal indonesia ;andi mr;negative;anger
10/06/2020 21:46;['#indonesiaterserah']; kocak banget indonesiaterserah;opposite6890;negative;anger
10/06/2020 19:08;['#indonesiaterserah'];udah capek kali indonesiaterserah ajalah;xray;negative;anger
10/06/2020 16:54;['#indonesiaterserah', '#indonesiaterserah'];mending golput dah indonesiaterserah indonesiaterserah;juragan kacangan;negative;anger
10/06/2020 16:44;['#indonesiaterserah'];miris ya sekarang pada bodoh amat indonesiaterserah;dickywahyudi0412;negative;anger
10/06/2020 16:11;['#plnvangke', '#bambamintiktok', '#bambangpamungkas', '#indonesiaterserah', '#viralvideo', '#youtubevstiktok', '#youtubeindia'];ada apani plnvangke bambamintiktok bambangpamungkas indonesiaterserah viralvideo youtubevstiktok youtubeindia;iwan pratama;negative;anger
10/06/2020 15:54;['#indonesiaterserah', '#indonesiaterserah'];indonesiaterserah ada yng bilang nanti juga sembuh sendiri corona sembuh maen tiktok pokoknya indonesiaterserah banget deh;aris setiawan;negative;anger
10/06/2020 15:43;['#masabodoh', '#bangkitdengannewnormal', '#indonesiaterserah', '#pejuangreceh'];media nakut nakutin demi perutnya masyarakat masa bodoh demi perutnya masabodoh bangkitdengannewnormal indonesiaterserah pejuangreceh ;lose control;negative;anger
10/06/2020 15:21;['#indonesiaterserah'];seribu satu macam menjelaskan ketidakmampuan urus negara indonesiaterserah ;antivirus;negative;anger
10/06/2020 14:53;['#covid19', '#indonesiaterserah', '#malasuerte'];udah 2 hari kasus positif covid udah mencapai 1000 kasus ini kurva di indo bukannya turun tapi terus naik serius mau dibiarkan hukum alam yang kebal selamat yang ga kebal meninggal covid19 indonesiaterserah malasuerte;joki tugas sekolah kuliah bikin cv;negative;fear
10/06/2020 14:24;['#indonesiaterserah'];kemaren sehari 1043 kasus hari ini 1240 kasus new normal antara masyarakatnya yg belum faham sama maknanya atau virusnya nyari mangsa karna kelaparan pas psbb so mending psbb apa new normal yuk mulai dari diri kita sendiri jangan sampe deh ada indonesiaterserah part ii ;efri dwi prabowo;negative;fear
10/06/2020 13:45;['#indonesiaabnormal', '#indonesiaterserah'];welcome to indonesiaabnormal welcome to indonesiaterserah welcone to mati massal ;barbatos;negative;sad
10/06/2020 13:42;['#indonesiaterserah'];kebijakan yg mengabaikan keselamatan dan kesehatan indonesiaterserah ;antivirus;negative;sad
10/06/2020 13:38;['#indonesiaterserah'];begini ya warga ina yang budiman ini mau di deteksi penyakitnya dan gratis lagi supaya kalo sakit corona di bantu penyembuhannya malah di tolak ya sudah indonesiaterserah ;wongndeso;negative;sad
10/06/2020 12:02;['#indonesiaterserah'];gimana kata pejabat n mentri lainnya biasanya lain pejabat lain gomongnya krn kabinet atuser kali ini terkenal dgn tdk kompaknya indonesiaterserah ;golputers;negative;anger
10/06/2020 12:00;['#lambar', '#bansos', '#bantuan', '#bltlampung'];hallo pak bupati lambar beras bantuanya kok busuk dan berjamur buruan ganti lambar bansos bantuan bltlampung ;haluan lampung;negative;anger
10/06/2020 11:20;['#bansos'];alhamdulillah dapet bantuan beras dr pemprov atuser 2 karung isi 5kg walaupun tetangga 1rw dpt nya 5 karung syukurin aja bansos ;ceplasceplos;negative;sad
10/06/2020 09:50;['#desa', '#bansos', '#covid19'];ada juga pemerintahan desanya berhenti tidak bisa mengurus ini itu karena kepala desanya kena covid19 nah untungnya cuma satu desa kalau gak salah ini ujar menteri desa abdul halim iskandar atuser desa bansos covid19 ;kbr;negative;sad
10/06/2020 08:56;['#kartuprakerja'];terbukti pra kerja di tengah pandemi covid19 hanya formalitas kartuprakerja ;islamtoday id;negative;sad
10/06/2020 08:34;['#indonesiaterserah'];suka2 kelenlahindonesiaterserah;junjungan 25 jigo;negative;anger
10/06/2020 08:02;['#bansos'];ngasih bantuan kagak tapi komentar trus emangnya medsos gak malu pake jas spatu baju clana sempak mobil semua dibeli pake uang rakyat soal penyaluran bansos mardani pks nilai pemerintah makin ngawur bansos via atuser ;om bro joko;negative;anger
10/06/2020 07:57;['#indonesiaterserah'];orang indonesia itu ingin semua biaya hidupnya di tanggung negara tapi susah di atur negara indonesiaterserah;sun;negative;anger
10/06/2020 07:34;['#indonesiaterserah'];guru honorer kan bukan garda terdepan covid jd minggir dulu lihatlah nakes2 pejuang itu baru bikin indonesiaterserah aja lsg diperhatiin bgtttttt ;partono ahmet djemat;negative;anger
10/06/2020 07:00;['#kemensos', '#kemensoshadir', '#gracebatubara', '#juliaribatubara', '#bansos'];grace mengungkapkan dirinya merasa senang setelah melihat antusias warga yg sadar menerapkan protokol kesehatan dengan memakai masker dan itu menjadi hal yg positif cc atuser atuser atuser kemensos kemensoshadir gracebatubara juliaribatubara bansos;satriya mudha;positive;joy
10/06/2020 06:57;['#kemensos', '#kemensoshadir', '#gracebatubara', '#juliaribatubara', '#bansos'];kata grace batubara jadi kami membantu masyarakat kecamatan petir ini dimana saya mendapatkan informasi bahwa masih ada warga di sini yg memang belum mendapatkan bantuan sama sekali cc atuser kemensos kemensoshadir gracebatubara juliaribatubara bansos;satriya mudha;positive;love
10/06/2020 06:52;['#laporcovid19', '#kawalcovid19', '#lawancovid19', '#newnormal', '#indonesiaterserah', '#indonesia'];eh lihat keramaian di sekitarmu laporin aja lah lewat atuser sambil ingetin juga buat jaga jarak yak ga mau kan nambah kluster laporcovid19 kawalcovid19 lawancovid19 newnormal indonesiaterserah indonesia ;ybudianto;negative;anger
10/06/2020 06:01;['#chaos', '#newnormal', '#herdimmunity', '#indonesiaterserah'];chaos newnormal herdimmunity indonesiaterserah ;ahira myugi;negative;anger
